dsei;codigo_dsei;ano_obito;ativos;indigenas;percentual_ativos;frequencia_acumulada_ativos;percentual_acumulado_ativos
ALAGOAS E SERGIPE;1;Antes de 2000;21;21;2.01;21;2.01
ALAGOAS E SERGIPE;1;2000;7;7;0.67;28;2.67
ALAGOAS E SERGIPE;1;2001;11;10;1.05;39;3.72
ALAGOAS E SERGIPE;1;2002;9;8;0.86;48;4.58
ALAGOAS E SERGIPE;1;2003;6;6;0.57;54;5.16
ALAGOAS E SERGIPE;1;2004;4;4;0.38;58;5.54
ALAGOAS E SERGIPE;1;2005;9;9;0.86;67;6.4
ALAGOAS E SERGIPE;1;2006;13;13;1.24;80;7.64
ALAGOAS E SERGIPE;1;2007;27;26;2.58;107;10.22
ALAGOAS E SERGIPE;1;2008;51;49;4.87;158;15.09
ALAGOAS E SERGIPE;1;2009;41;38;3.92;199;19.01
ALAGOAS E SERGIPE;1;2010;54;47;5.16;253;24.16
ALAGOAS E SERGIPE;1;2011;46;41;4.39;299;28.56
ALAGOAS E SERGIPE;1;2012;42;35;4.01;341;32.57
ALAGOAS E SERGIPE;1;2013;41;36;3.92;382;36.49
ALAGOAS E SERGIPE;1;2014;56;49;5.35;438;41.83
ALAGOAS E SERGIPE;1;2015;61;56;5.83;499;47.66
ALAGOAS E SERGIPE;1;2016;57;51;5.44;556;53.1
ALAGOAS E SERGIPE;1;2017;52;40;4.97;608;58.07
ALAGOAS E SERGIPE;1;2018;55;46;5.25;663;63.32
ALAGOAS E SERGIPE;1;2019;53;46;5.06;716;68.39
ALAGOAS E SERGIPE;1;2020;68;65;6.49;784;74.88
ALAGOAS E SERGIPE;1;2021;60;47;5.73;844;80.61
ALAGOAS E SERGIPE;1;2022;73;68;6.97;917;87.58
ALAGOAS E SERGIPE;1;2023;57;48;5.44;974;93.03
ALAGOAS E SERGIPE;1;2024;52;44;4.97;1026;97.99
ALAGOAS E SERGIPE;1;2025;21;15;2.01;1047;100.0
ALTAMIRA;3;2000;21;21;4.61;21;4.61
ALTAMIRA;3;2001;17;17;3.73;38;8.33
ALTAMIRA;3;2002;12;12;2.63;50;10.96
ALTAMIRA;3;2003;14;14;3.07;64;14.04
ALTAMIRA;3;2004;18;18;3.95;82;17.98
ALTAMIRA;3;2005;18;18;3.95;100;21.93
ALTAMIRA;3;2006;9;9;1.97;109;23.9
ALTAMIRA;3;2007;13;13;2.85;122;26.75
ALTAMIRA;3;2008;19;18;4.17;141;30.92
ALTAMIRA;3;2009;19;15;4.17;160;35.09
ALTAMIRA;3;2010;23;23;5.04;183;40.13
ALTAMIRA;3;2011;21;21;4.61;204;44.74
ALTAMIRA;3;2012;17;17;3.73;221;48.46
ALTAMIRA;3;2013;16;16;3.51;237;51.97
ALTAMIRA;3;2014;24;24;5.26;261;57.24
ALTAMIRA;3;2015;22;22;4.82;283;62.06
ALTAMIRA;3;2016;24;24;5.26;307;67.32
ALTAMIRA;3;2017;23;22;5.04;330;72.37
ALTAMIRA;3;2018;13;11;2.85;343;75.22
ALTAMIRA;3;2019;12;11;2.63;355;77.85
ALTAMIRA;3;2020;18;17;3.95;373;81.8
ALTAMIRA;3;2021;14;13;3.07;387;84.87
ALTAMIRA;3;2022;18;17;3.95;405;88.82
ALTAMIRA;3;2023;27;27;5.92;432;94.74
ALTAMIRA;3;2024;15;13;3.29;447;98.03
ALTAMIRA;3;2025;9;9;1.97;456;100.0
ALTO RIO JURUÁ;4;Antes de 2000;10;10;0.95;10;0.95
ALTO RIO JURUÁ;4;2000;15;15;1.43;25;2.38
ALTO RIO JURUÁ;4;2001;7;7;0.67;32;3.04
ALTO RIO JURUÁ;4;2002;12;12;1.14;44;4.18
ALTO RIO JURUÁ;4;2003;22;22;2.09;66;6.27
ALTO RIO JURUÁ;4;2004;47;47;4.47;113;10.74
ALTO RIO JURUÁ;4;2005;34;34;3.23;147;13.97
ALTO RIO JURUÁ;4;2006;42;42;3.99;189;17.97
ALTO RIO JURUÁ;4;2007;33;33;3.14;222;21.1
ALTO RIO JURUÁ;4;2008;26;26;2.47;248;23.57
ALTO RIO JURUÁ;4;2009;49;48;4.66;297;28.23
ALTO RIO JURUÁ;4;2010;43;43;4.09;340;32.32
ALTO RIO JURUÁ;4;2011;48;48;4.56;388;36.88
ALTO RIO JURUÁ;4;2012;32;32;3.04;420;39.92
ALTO RIO JURUÁ;4;2013;42;42;3.99;462;43.92
ALTO RIO JURUÁ;4;2014;22;22;2.09;484;46.01
ALTO RIO JURUÁ;4;2015;21;21;2.0;505;48.0
ALTO RIO JURUÁ;4;2016;30;30;2.85;535;50.86
ALTO RIO JURUÁ;4;2017;47;47;4.47;582;55.32
ALTO RIO JURUÁ;4;2018;64;64;6.08;646;61.41
ALTO RIO JURUÁ;4;2019;72;72;6.84;718;68.25
ALTO RIO JURUÁ;4;2020;52;52;4.94;770;73.19
ALTO RIO JURUÁ;4;2021;64;64;6.08;834;79.28
ALTO RIO JURUÁ;4;2022;78;78;7.41;912;86.69
ALTO RIO JURUÁ;4;2023;74;74;7.03;986;93.73
ALTO RIO JURUÁ;4;2024;56;56;5.32;1042;99.05
ALTO RIO JURUÁ;4;2025;10;10;0.95;1052;100.0
ALTO RIO NEGRO;6;2001;1;1;0.04;1;0.04
ALTO RIO NEGRO;6;2005;2;2;0.08;3;0.12
ALTO RIO NEGRO;6;2006;16;16;0.66;19;0.79
ALTO RIO NEGRO;6;2007;42;42;1.74;61;2.52
ALTO RIO NEGRO;6;2008;47;47;1.94;108;4.46
ALTO RIO NEGRO;6;2009;135;135;5.58;243;10.04
ALTO RIO NEGRO;6;2010;120;120;4.96;363;15.0
ALTO RIO NEGRO;6;2011;67;67;2.77;430;17.77
ALTO RIO NEGRO;6;2012;66;66;2.73;496;20.5
ALTO RIO NEGRO;6;2013;44;44;1.82;540;22.31
ALTO RIO NEGRO;6;2014;117;116;4.83;657;27.15
ALTO RIO NEGRO;6;2015;149;148;6.16;806;33.31
ALTO RIO NEGRO;6;2016;143;143;5.91;949;39.21
ALTO RIO NEGRO;6;2017;151;151;6.24;1100;45.45
ALTO RIO NEGRO;6;2018;208;206;8.6;1308;54.05
ALTO RIO NEGRO;6;2019;172;172;7.11;1480;61.16
ALTO RIO NEGRO;6;2020;183;183;7.56;1663;68.72
ALTO RIO NEGRO;6;2021;166;165;6.86;1829;75.58
ALTO RIO NEGRO;6;2022;192;192;7.93;2021;83.51
ALTO RIO NEGRO;6;2023;168;167;6.94;2189;90.45
ALTO RIO NEGRO;6;2024;165;163;6.82;2354;97.27
ALTO RIO NEGRO;6;2025;66;65;2.73;2420;100.0
ALTO RIO PURUS;5;Antes de 2000;6;6;0.47;6;0.47
ALTO RIO PURUS;5;2000;6;6;0.47;12;0.95
ALTO RIO PURUS;5;2001;15;15;1.18;27;2.13
ALTO RIO PURUS;5;2002;12;12;0.95;39;3.08
ALTO RIO PURUS;5;2003;7;7;0.55;46;3.63
ALTO RIO PURUS;5;2004;11;10;0.87;57;4.5
ALTO RIO PURUS;5;2005;37;37;2.92;94;7.41
ALTO RIO PURUS;5;2006;52;52;4.1;146;11.51
ALTO RIO PURUS;5;2007;58;58;4.57;204;16.09
ALTO RIO PURUS;5;2008;54;54;4.26;258;20.35
ALTO RIO PURUS;5;2009;57;56;4.5;315;24.84
ALTO RIO PURUS;5;2010;62;61;4.89;377;29.73
ALTO RIO PURUS;5;2011;58;58;4.57;435;34.31
ALTO RIO PURUS;5;2012;55;55;4.34;490;38.64
ALTO RIO PURUS;5;2013;65;65;5.13;555;43.77
ALTO RIO PURUS;5;2014;46;46;3.63;601;47.4
ALTO RIO PURUS;5;2015;55;55;4.34;656;51.74
ALTO RIO PURUS;5;2016;55;55;4.34;711;56.07
ALTO RIO PURUS;5;2017;41;41;3.23;752;59.31
ALTO RIO PURUS;5;2018;69;69;5.44;821;64.75
ALTO RIO PURUS;5;2019;80;80;6.31;901;71.06
ALTO RIO PURUS;5;2020;87;87;6.86;988;77.92
ALTO RIO PURUS;5;2021;69;69;5.44;1057;83.36
ALTO RIO PURUS;5;2022;76;72;5.99;1133;89.35
ALTO RIO PURUS;5;2023;56;55;4.42;1189;93.77
ALTO RIO PURUS;5;2024;60;58;4.73;1249;98.5
ALTO RIO PURUS;5;2025;19;18;1.5;1268;100.0
ALTO RIO SOLIMÕES;7;Antes de 2000;29;29;0.66;29;0.66
ALTO RIO SOLIMÕES;7;2000;15;15;0.34;44;1.01
ALTO RIO SOLIMÕES;7;2001;11;11;0.25;55;1.26
ALTO RIO SOLIMÕES;7;2002;1;1;0.02;56;1.28
ALTO RIO SOLIMÕES;7;2003;5;5;0.11;61;1.4
ALTO RIO SOLIMÕES;7;2004;6;6;0.14;67;1.53
ALTO RIO SOLIMÕES;7;2005;6;6;0.14;73;1.67
ALTO RIO SOLIMÕES;7;2006;14;14;0.32;87;1.99
ALTO RIO SOLIMÕES;7;2007;21;21;0.48;108;2.47
ALTO RIO SOLIMÕES;7;2008;31;31;0.71;139;3.18
ALTO RIO SOLIMÕES;7;2009;142;142;3.25;281;6.44
ALTO RIO SOLIMÕES;7;2010;178;178;4.08;459;10.52
ALTO RIO SOLIMÕES;7;2011;196;196;4.49;655;15.01
ALTO RIO SOLIMÕES;7;2012;224;224;5.13;879;20.14
ALTO RIO SOLIMÕES;7;2013;238;238;5.45;1117;25.59
ALTO RIO SOLIMÕES;7;2014;246;245;5.64;1363;31.23
ALTO RIO SOLIMÕES;7;2015;273;273;6.25;1636;37.48
ALTO RIO SOLIMÕES;7;2016;221;219;5.06;1857;42.54
ALTO RIO SOLIMÕES;7;2017;271;271;6.21;2128;48.75
ALTO RIO SOLIMÕES;7;2018;296;295;6.78;2424;55.53
ALTO RIO SOLIMÕES;7;2019;274;274;6.28;2698;61.81
ALTO RIO SOLIMÕES;7;2020;325;324;7.45;3023;69.26
ALTO RIO SOLIMÕES;7;2021;325;324;7.45;3348;76.7
ALTO RIO SOLIMÕES;7;2022;304;303;6.96;3652;83.67
ALTO RIO SOLIMÕES;7;2023;279;279;6.39;3931;90.06
ALTO RIO SOLIMÕES;7;2024;301;300;6.9;4232;96.95
ALTO RIO SOLIMÕES;7;2025;133;132;3.05;4365;100.0
AMAPÁ E NORTE DO PARÁ;2;Antes de 2000;4;4;0.46;4;0.46
AMAPÁ E NORTE DO PARÁ;2;2000;6;6;0.69;10;1.15
AMAPÁ E NORTE DO PARÁ;2;2001;1;1;0.11;11;1.26
AMAPÁ E NORTE DO PARÁ;2;2002;7;7;0.8;18;2.07
AMAPÁ E NORTE DO PARÁ;2;2003;22;22;2.53;40;4.59
AMAPÁ E NORTE DO PARÁ;2;2004;35;35;4.02;75;8.61
AMAPÁ E NORTE DO PARÁ;2;2005;25;25;2.87;100;11.48
AMAPÁ E NORTE DO PARÁ;2;2006;34;34;3.9;134;15.38
AMAPÁ E NORTE DO PARÁ;2;2007;42;42;4.82;176;20.21
AMAPÁ E NORTE DO PARÁ;2;2008;34;34;3.9;210;24.11
AMAPÁ E NORTE DO PARÁ;2;2009;38;38;4.36;248;28.47
AMAPÁ E NORTE DO PARÁ;2;2010;24;24;2.76;272;31.23
AMAPÁ E NORTE DO PARÁ;2;2011;29;29;3.33;301;34.56
AMAPÁ E NORTE DO PARÁ;2;2012;62;62;7.12;363;41.68
AMAPÁ E NORTE DO PARÁ;2;2013;39;39;4.48;402;46.15
AMAPÁ E NORTE DO PARÁ;2;2014;37;37;4.25;439;50.4
AMAPÁ E NORTE DO PARÁ;2;2015;44;44;5.05;483;55.45
AMAPÁ E NORTE DO PARÁ;2;2016;40;40;4.59;523;60.05
AMAPÁ E NORTE DO PARÁ;2;2017;32;32;3.67;555;63.72
AMAPÁ E NORTE DO PARÁ;2;2018;29;29;3.33;584;67.05
AMAPÁ E NORTE DO PARÁ;2;2019;35;35;4.02;619;71.07
AMAPÁ E NORTE DO PARÁ;2;2020;51;51;5.86;670;76.92
AMAPÁ E NORTE DO PARÁ;2;2021;42;42;4.82;712;81.75
AMAPÁ E NORTE DO PARÁ;2;2022;47;46;5.4;759;87.14
AMAPÁ E NORTE DO PARÁ;2;2023;59;59;6.77;818;93.92
AMAPÁ E NORTE DO PARÁ;2;2024;36;36;4.13;854;98.05
AMAPÁ E NORTE DO PARÁ;2;2025;17;17;1.95;871;100.0
ARAGUAIA;8;Antes de 2000;1;1;0.19;1;0.19
ARAGUAIA;8;2000;2;2;0.38;3;0.58
ARAGUAIA;8;2001;9;9;1.73;12;2.3
ARAGUAIA;8;2002;3;3;0.58;15;2.88
ARAGUAIA;8;2003;17;17;3.26;32;6.14
ARAGUAIA;8;2004;9;9;1.73;41;7.87
ARAGUAIA;8;2005;9;9;1.73;50;9.6
ARAGUAIA;8;2006;11;11;2.11;61;11.71
ARAGUAIA;8;2007;25;25;4.8;86;16.51
ARAGUAIA;8;2008;20;20;3.84;106;20.35
ARAGUAIA;8;2009;24;23;4.61;130;24.95
ARAGUAIA;8;2010;18;18;3.45;148;28.41
ARAGUAIA;8;2011;30;30;5.76;178;34.17
ARAGUAIA;8;2012;13;13;2.5;191;36.66
ARAGUAIA;8;2013;13;12;2.5;204;39.16
ARAGUAIA;8;2014;25;24;4.8;229;43.95
ARAGUAIA;8;2015;22;22;4.22;251;48.18
ARAGUAIA;8;2016;30;30;5.76;281;53.93
ARAGUAIA;8;2017;31;31;5.95;312;59.88
ARAGUAIA;8;2018;26;26;4.99;338;64.88
ARAGUAIA;8;2019;30;29;5.76;368;70.63
ARAGUAIA;8;2020;37;37;7.1;405;77.74
ARAGUAIA;8;2021;24;24;4.61;429;82.34
ARAGUAIA;8;2022;30;30;5.76;459;88.1
ARAGUAIA;8;2023;29;29;5.57;488;93.67
ARAGUAIA;8;2024;30;30;5.76;518;99.42
ARAGUAIA;8;2025;3;3;0.58;521;100.0
BAHIA;9;Antes de 2000;15;15;0.74;15;0.74
BAHIA;9;2000;32;32;1.57;47;2.31
BAHIA;9;2001;39;39;1.92;86;4.23
BAHIA;9;2002;52;52;2.56;138;6.79
BAHIA;9;2003;71;71;3.49;209;10.28
BAHIA;9;2004;76;76;3.74;285;14.02
BAHIA;9;2005;100;97;4.92;385;18.94
BAHIA;9;2006;92;91;4.53;477;23.46
BAHIA;9;2007;100;98;4.92;577;28.38
BAHIA;9;2008;89;89;4.38;666;32.76
BAHIA;9;2009;95;90;4.67;761;37.43
BAHIA;9;2010;92;89;4.53;853;41.96
BAHIA;9;2011;68;66;3.34;921;45.3
BAHIA;9;2012;69;69;3.39;990;48.7
BAHIA;9;2013;30;30;1.48;1020;50.17
BAHIA;9;2014;45;45;2.21;1065;52.39
BAHIA;9;2015;57;53;2.8;1122;55.19
BAHIA;9;2016;71;70;3.49;1193;58.68
BAHIA;9;2017;81;80;3.98;1274;62.67
BAHIA;9;2018;74;69;3.64;1348;66.31
BAHIA;9;2019;89;82;4.38;1437;70.68
BAHIA;9;2020;111;105;5.46;1548;76.14
BAHIA;9;2021;93;84;4.57;1641;80.72
BAHIA;9;2022;97;88;4.77;1738;85.49
BAHIA;9;2023;110;106;5.41;1848;90.9
BAHIA;9;2024;117;110;5.76;1965;96.66
BAHIA;9;2025;68;63;3.34;2033;100.0
CEARÁ;10;Antes de 2000;28;28;1.24;28;1.24
CEARÁ;10;2000;41;40;1.82;69;3.07
CEARÁ;10;2001;15;15;0.67;84;3.73
CEARÁ;10;2002;32;32;1.42;116;5.15
CEARÁ;10;2003;30;30;1.33;146;6.49
CEARÁ;10;2004;33;33;1.47;179;7.95
CEARÁ;10;2005;36;34;1.6;215;9.55
CEARÁ;10;2006;36;32;1.6;251;11.15
CEARÁ;10;2007;51;49;2.27;302;13.42
CEARÁ;10;2008;64;60;2.84;366;16.26
CEARÁ;10;2009;91;89;4.04;457;20.3
CEARÁ;10;2010;75;72;3.33;532;23.63
CEARÁ;10;2011;78;77;3.47;610;27.1
CEARÁ;10;2012;92;92;4.09;702;31.19
CEARÁ;10;2013;99;97;4.4;801;35.58
CEARÁ;10;2014;127;126;5.64;928;41.23
CEARÁ;10;2015;149;148;6.62;1077;47.85
CEARÁ;10;2016;127;124;5.64;1204;53.49
CEARÁ;10;2017;114;109;5.06;1318;58.55
CEARÁ;10;2018;114;111;5.06;1432;63.62
CEARÁ;10;2019;114;110;5.06;1546;68.68
CEARÁ;10;2020;138;134;6.13;1684;74.81
CEARÁ;10;2021;145;145;6.44;1829;81.25
CEARÁ;10;2022;128;126;5.69;1957;86.94
CEARÁ;10;2023;126;121;5.6;2083;92.54
CEARÁ;10;2024;121;115;5.38;2204;97.91
CEARÁ;10;2025;47;46;2.09;2251;100.0
CUIABÁ;26;Antes de 2000;16;16;1.41;16;1.41
CUIABÁ;26;2000;26;26;2.28;42;3.69
CUIABÁ;26;2001;21;21;1.85;63;5.54
CUIABÁ;26;2002;16;16;1.41;79;6.94
CUIABÁ;26;2003;29;29;2.55;108;9.49
CUIABÁ;26;2004;39;39;3.43;147;12.92
CUIABÁ;26;2005;29;29;2.55;176;15.47
CUIABÁ;26;2006;38;38;3.34;214;18.8
CUIABÁ;26;2007;37;37;3.25;251;22.06
CUIABÁ;26;2008;44;44;3.87;295;25.92
CUIABÁ;26;2009;43;43;3.78;338;29.7
CUIABÁ;26;2010;50;50;4.39;388;34.09
CUIABÁ;26;2011;35;35;3.08;423;37.17
CUIABÁ;26;2012;39;39;3.43;462;40.6
CUIABÁ;26;2013;41;41;3.6;503;44.2
CUIABÁ;26;2014;47;47;4.13;550;48.33
CUIABÁ;26;2015;62;62;5.45;612;53.78
CUIABÁ;26;2016;44;44;3.87;656;57.64
CUIABÁ;26;2017;38;38;3.34;694;60.98
CUIABÁ;26;2018;47;47;4.13;741;65.11
CUIABÁ;26;2019;45;45;3.95;786;69.07
CUIABÁ;26;2020;68;67;5.98;854;75.04
CUIABÁ;26;2021;63;62;5.54;917;80.58
CUIABÁ;26;2022;60;59;5.27;977;85.85
CUIABÁ;26;2023;72;72;6.33;1049;92.18
CUIABÁ;26;2024;62;60;5.45;1111;97.63
CUIABÁ;26;2025;27;26;2.37;1138;100.0
GUAMÁ-TOCANTINS;18;Antes de 2000;3;3;0.3;3;0.3
GUAMÁ-TOCANTINS;18;2000;11;11;1.09;14;1.39
GUAMÁ-TOCANTINS;18;2001;12;12;1.19;26;2.58
GUAMÁ-TOCANTINS;18;2002;20;19;1.99;46;4.57
GUAMÁ-TOCANTINS;18;2003;27;27;2.68;73;7.26
GUAMÁ-TOCANTINS;18;2004;27;25;2.68;100;9.94
GUAMÁ-TOCANTINS;18;2005;29;28;2.88;129;12.82
GUAMÁ-TOCANTINS;18;2006;25;25;2.49;154;15.31
GUAMÁ-TOCANTINS;18;2007;24;24;2.39;178;17.69
GUAMÁ-TOCANTINS;18;2008;32;31;3.18;210;20.87
GUAMÁ-TOCANTINS;18;2009;23;22;2.29;233;23.16
GUAMÁ-TOCANTINS;18;2010;26;25;2.58;259;25.75
GUAMÁ-TOCANTINS;18;2011;24;24;2.39;283;28.13
GUAMÁ-TOCANTINS;18;2012;34;33;3.38;317;31.51
GUAMÁ-TOCANTINS;18;2013;42;41;4.17;359;35.69
GUAMÁ-TOCANTINS;18;2014;36;34;3.58;395;39.26
GUAMÁ-TOCANTINS;18;2015;31;31;3.08;426;42.35
GUAMÁ-TOCANTINS;18;2016;43;41;4.27;469;46.62
GUAMÁ-TOCANTINS;18;2017;32;29;3.18;501;49.8
GUAMÁ-TOCANTINS;18;2018;49;47;4.87;550;54.67
GUAMÁ-TOCANTINS;18;2019;49;48;4.87;599;59.54
GUAMÁ-TOCANTINS;18;2020;82;78;8.15;681;67.69
GUAMÁ-TOCANTINS;18;2021;80;79;7.95;761;75.65
GUAMÁ-TOCANTINS;18;2022;86;83;8.55;847;84.19
GUAMÁ-TOCANTINS;18;2023;54;52;5.37;901;89.56
GUAMÁ-TOCANTINS;18;2024;80;78;7.95;981;97.51
GUAMÁ-TOCANTINS;18;2025;25;21;2.49;1006;100.0
INTERIOR SUL;36;Antes de 2000;63;63;1.5;63;1.5
INTERIOR SUL;36;2000;32;32;0.76;95;2.26
INTERIOR SUL;36;2001;63;62;1.5;158;3.76
INTERIOR SUL;36;2002;65;61;1.55;223;5.31
INTERIOR SUL;36;2003;57;57;1.36;280;6.67
INTERIOR SUL;36;2004;42;42;1.0;322;7.67
INTERIOR SUL;36;2005;60;60;1.43;382;9.1
INTERIOR SUL;36;2006;84;80;2.0;466;11.1
INTERIOR SUL;36;2007;94;92;2.24;560;13.33
INTERIOR SUL;36;2008;88;87;2.1;648;15.43
INTERIOR SUL;36;2009;120;120;2.86;768;18.29
INTERIOR SUL;36;2010;121;120;2.88;889;21.17
INTERIOR SUL;36;2011;111;109;2.64;1000;23.81
INTERIOR SUL;36;2012;107;106;2.55;1107;26.36
INTERIOR SUL;36;2013;118;114;2.81;1225;29.17
INTERIOR SUL;36;2014;119;117;2.83;1344;32.0
INTERIOR SUL;36;2015;125;124;2.98;1469;34.98
INTERIOR SUL;36;2016;166;160;3.95;1635;38.93
INTERIOR SUL;36;2017;228;222;5.43;1863;44.36
INTERIOR SUL;36;2018;224;216;5.33;2087;49.69
INTERIOR SUL;36;2019;263;257;6.26;2350;55.95
INTERIOR SUL;36;2020;317;312;7.55;2667;63.5
INTERIOR SUL;36;2021;369;360;8.79;3036;72.29
INTERIOR SUL;36;2022;340;330;8.1;3376;80.38
INTERIOR SUL;36;2023;321;305;7.64;3697;88.02
INTERIOR SUL;36;2024;336;323;8.0;4033;96.02
INTERIOR SUL;36;2025;167;158;3.98;4200;100.0
KAIAPÓ DO MATO GROSSO;34;2000;1;1;0.26;1;0.26
KAIAPÓ DO MATO GROSSO;34;2001;17;17;4.47;18;4.74
KAIAPÓ DO MATO GROSSO;34;2002;15;15;3.95;33;8.68
KAIAPÓ DO MATO GROSSO;34;2003;13;13;3.42;46;12.11
KAIAPÓ DO MATO GROSSO;34;2004;23;23;6.05;69;18.16
KAIAPÓ DO MATO GROSSO;34;2005;7;7;1.84;76;20.0
KAIAPÓ DO MATO GROSSO;34;2006;5;5;1.32;81;21.32
KAIAPÓ DO MATO GROSSO;34;2007;13;13;3.42;94;24.74
KAIAPÓ DO MATO GROSSO;34;2008;10;10;2.63;104;27.37
KAIAPÓ DO MATO GROSSO;34;2009;11;11;2.89;115;30.26
KAIAPÓ DO MATO GROSSO;34;2010;11;11;2.89;126;33.16
KAIAPÓ DO MATO GROSSO;34;2011;15;15;3.95;141;37.11
KAIAPÓ DO MATO GROSSO;34;2012;10;10;2.63;151;39.74
KAIAPÓ DO MATO GROSSO;34;2013;17;17;4.47;168;44.21
KAIAPÓ DO MATO GROSSO;34;2014;14;14;3.68;182;47.89
KAIAPÓ DO MATO GROSSO;34;2015;24;24;6.32;206;54.21
KAIAPÓ DO MATO GROSSO;34;2016;20;20;5.26;226;59.47
KAIAPÓ DO MATO GROSSO;34;2017;15;15;3.95;241;63.42
KAIAPÓ DO MATO GROSSO;34;2018;9;9;2.37;250;65.79
KAIAPÓ DO MATO GROSSO;34;2019;20;20;5.26;270;71.05
KAIAPÓ DO MATO GROSSO;34;2020;27;27;7.11;297;78.16
KAIAPÓ DO MATO GROSSO;34;2021;13;13;3.42;310;81.58
KAIAPÓ DO MATO GROSSO;34;2022;22;22;5.79;332;87.37
KAIAPÓ DO MATO GROSSO;34;2023;18;18;4.74;350;92.11
KAIAPÓ DO MATO GROSSO;34;2024;22;22;5.79;372;97.89
KAIAPÓ DO MATO GROSSO;34;2025;8;8;2.11;380;100.0
KAIAPÓ DO PARÁ;13;Antes de 2000;2;2;0.28;2;0.28
KAIAPÓ DO PARÁ;13;2000;12;12;1.68;14;1.96
KAIAPÓ DO PARÁ;13;2001;2;2;0.28;16;2.24
KAIAPÓ DO PARÁ;13;2002;5;5;0.7;21;2.94
KAIAPÓ DO PARÁ;13;2003;9;9;1.26;30;4.2
KAIAPÓ DO PARÁ;13;2004;18;18;2.52;48;6.71
KAIAPÓ DO PARÁ;13;2005;25;25;3.5;73;10.21
KAIAPÓ DO PARÁ;13;2006;11;11;1.54;84;11.75
KAIAPÓ DO PARÁ;13;2007;20;20;2.8;104;14.55
KAIAPÓ DO PARÁ;13;2008;21;21;2.94;125;17.48
KAIAPÓ DO PARÁ;13;2009;46;46;6.43;171;23.92
KAIAPÓ DO PARÁ;13;2010;25;25;3.5;196;27.41
KAIAPÓ DO PARÁ;13;2011;36;36;5.03;232;32.45
KAIAPÓ DO PARÁ;13;2012;41;41;5.73;273;38.18
KAIAPÓ DO PARÁ;13;2013;30;30;4.2;303;42.38
KAIAPÓ DO PARÁ;13;2014;33;33;4.62;336;46.99
KAIAPÓ DO PARÁ;13;2015;26;26;3.64;362;50.63
KAIAPÓ DO PARÁ;13;2016;35;35;4.9;397;55.52
KAIAPÓ DO PARÁ;13;2017;37;36;5.17;434;60.7
KAIAPÓ DO PARÁ;13;2018;44;44;6.15;478;66.85
KAIAPÓ DO PARÁ;13;2019;36;36;5.03;514;71.89
KAIAPÓ DO PARÁ;13;2020;53;53;7.41;567;79.3
KAIAPÓ DO PARÁ;13;2021;27;27;3.78;594;83.08
KAIAPÓ DO PARÁ;13;2022;43;43;6.01;637;89.09
KAIAPÓ DO PARÁ;13;2023;32;32;4.48;669;93.57
KAIAPÓ DO PARÁ;13;2024;31;31;4.34;700;97.9
KAIAPÓ DO PARÁ;13;2025;15;15;2.1;715;100.0
LESTE DE RORAIMA;15;Antes de 2000;4;4;0.1;4;0.1
LESTE DE RORAIMA;15;2000;17;17;0.45;21;0.55
LESTE DE RORAIMA;15;2001;47;47;1.23;68;1.78
LESTE DE RORAIMA;15;2002;28;28;0.73;96;2.52
LESTE DE RORAIMA;15;2003;27;27;0.71;123;3.22
LESTE DE RORAIMA;15;2004;102;102;2.67;225;5.9
LESTE DE RORAIMA;15;2005;166;166;4.35;391;10.25
LESTE DE RORAIMA;15;2006;131;130;3.43;522;13.68
LESTE DE RORAIMA;15;2007;101;101;2.65;623;16.33
LESTE DE RORAIMA;15;2008;104;104;2.73;727;19.05
LESTE DE RORAIMA;15;2009;117;117;3.07;844;22.12
LESTE DE RORAIMA;15;2010;146;146;3.83;990;25.94
LESTE DE RORAIMA;15;2011;114;114;2.99;1104;28.93
LESTE DE RORAIMA;15;2012;134;134;3.51;1238;32.44
LESTE DE RORAIMA;15;2013;56;56;1.47;1294;33.91
LESTE DE RORAIMA;15;2014;113;112;2.96;1407;36.87
LESTE DE RORAIMA;15;2015;192;191;5.03;1599;41.9
LESTE DE RORAIMA;15;2016;177;177;4.64;1776;46.54
LESTE DE RORAIMA;15;2017;187;186;4.9;1963;51.44
LESTE DE RORAIMA;15;2018;118;118;3.09;2081;54.53
LESTE DE RORAIMA;15;2019;195;192;5.11;2276;59.64
LESTE DE RORAIMA;15;2020;303;301;7.94;2579;67.58
LESTE DE RORAIMA;15;2021;319;314;8.36;2898;75.94
LESTE DE RORAIMA;15;2022;291;288;7.63;3189;83.57
LESTE DE RORAIMA;15;2023;271;269;7.1;3460;90.67
LESTE DE RORAIMA;15;2024;227;225;5.95;3687;96.62
LESTE DE RORAIMA;15;2025;129;129;3.38;3816;100.0
LITORAL SUL;35;Antes de 2000;25;25;3.02;25;3.02
LITORAL SUL;35;2000;13;13;1.57;38;4.59
LITORAL SUL;35;2001;18;18;2.18;56;6.77
LITORAL SUL;35;2002;28;28;3.39;84;10.16
LITORAL SUL;35;2003;14;14;1.69;98;11.85
LITORAL SUL;35;2004;19;19;2.3;117;14.15
LITORAL SUL;35;2005;23;23;2.78;140;16.93
LITORAL SUL;35;2006;30;30;3.63;170;20.56
LITORAL SUL;35;2007;21;21;2.54;191;23.1
LITORAL SUL;35;2008;30;30;3.63;221;26.72
LITORAL SUL;35;2009;27;27;3.26;248;29.99
LITORAL SUL;35;2010;21;21;2.54;269;32.53
LITORAL SUL;35;2011;38;38;4.59;307;37.12
LITORAL SUL;35;2012;37;37;4.47;344;41.6
LITORAL SUL;35;2013;27;27;3.26;371;44.86
LITORAL SUL;35;2014;28;28;3.39;399;48.25
LITORAL SUL;35;2015;40;39;4.84;439;53.08
LITORAL SUL;35;2016;38;38;4.59;477;57.68
LITORAL SUL;35;2017;38;37;4.59;515;62.27
LITORAL SUL;35;2018;22;22;2.66;537;64.93
LITORAL SUL;35;2019;47;46;5.68;584;70.62
LITORAL SUL;35;2020;52;51;6.29;636;76.9
LITORAL SUL;35;2021;38;38;4.59;674;81.5
LITORAL SUL;35;2022;55;55;6.65;729;88.15
LITORAL SUL;35;2023;47;45;5.68;776;93.83
LITORAL SUL;35;2024;33;33;3.99;809;97.82
LITORAL SUL;35;2025;18;18;2.18;827;100.0
MANAUS;17;2000;3;3;0.24;3;0.24
MANAUS;17;2001;4;4;0.31;7;0.55
MANAUS;17;2002;2;2;0.16;9;0.71
MANAUS;17;2003;10;10;0.78;19;1.49
MANAUS;17;2004;18;17;1.41;37;2.9
MANAUS;17;2005;10;10;0.78;47;3.68
MANAUS;17;2006;15;15;1.18;62;4.86
MANAUS;17;2007;50;50;3.92;112;8.78
MANAUS;17;2008;62;61;4.86;174;13.64
MANAUS;17;2009;58;57;4.55;232;18.18
MANAUS;17;2010;62;61;4.86;294;23.04
MANAUS;17;2011;65;65;5.09;359;28.13
MANAUS;17;2012;59;59;4.62;418;32.76
MANAUS;17;2013;59;59;4.62;477;37.38
MANAUS;17;2014;55;55;4.31;532;41.69
MANAUS;17;2015;85;85;6.66;617;48.35
MANAUS;17;2016;76;76;5.96;693;54.31
MANAUS;17;2017;60;60;4.7;753;59.01
MANAUS;17;2018;71;71;5.56;824;64.58
MANAUS;17;2019;61;59;4.78;885;69.36
MANAUS;17;2020;92;90;7.21;977;76.57
MANAUS;17;2021;71;70;5.56;1048;82.13
MANAUS;17;2022;65;62;5.09;1113;87.23
MANAUS;17;2023;55;53;4.31;1168;91.54
MANAUS;17;2024;65;64;5.09;1233;96.63
MANAUS;17;2025;43;42;3.37;1276;100.0
MARANHÃO;19;Antes de 2000;1;1;0.03;1;0.03
MARANHÃO;19;2000;36;36;1.23;37;1.27
MARANHÃO;19;2001;64;64;2.19;101;3.46
MARANHÃO;19;2002;14;14;0.48;115;3.94
MARANHÃO;19;2003;30;30;1.03;145;4.96
MARANHÃO;19;2004;40;40;1.37;185;6.33
MARANHÃO;19;2005;14;14;0.48;199;6.81
MARANHÃO;19;2006;19;17;0.65;218;7.46
MARANHÃO;19;2007;103;103;3.53;321;10.99
MARANHÃO;19;2008;132;132;4.52;453;15.51
MARANHÃO;19;2009;138;137;4.72;591;20.23
MARANHÃO;19;2010;138;138;4.72;729;24.96
MARANHÃO;19;2011;128;128;4.38;857;29.34
MARANHÃO;19;2012;86;85;2.94;943;32.28
MARANHÃO;19;2013;114;106;3.9;1057;36.19
MARANHÃO;19;2014;129;125;4.42;1186;40.6
MARANHÃO;19;2015;104;102;3.56;1290;44.16
MARANHÃO;19;2016;179;179;6.13;1469;50.29
MARANHÃO;19;2017;169;167;5.79;1638;56.08
MARANHÃO;19;2018;107;107;3.66;1745;59.74
MARANHÃO;19;2019;153;150;5.24;1898;64.98
MARANHÃO;19;2020;190;190;6.5;2088;71.48
MARANHÃO;19;2021;187;181;6.4;2275;77.88
MARANHÃO;19;2022;189;187;6.47;2464;84.35
MARANHÃO;19;2023;199;195;6.81;2663;91.17
MARANHÃO;19;2024;187;182;6.4;2850;97.57
MARANHÃO;19;2025;71;71;2.43;2921;100.0
MATO GROSSO DO SUL;20;Antes de 2000;50;50;0.46;50;0.46
MATO GROSSO DO SUL;20;2000;152;151;1.39;202;1.85
MATO GROSSO DO SUL;20;2001;143;143;1.31;345;3.16
MATO GROSSO DO SUL;20;2002;232;232;2.13;577;5.29
MATO GROSSO DO SUL;20;2003;404;404;3.7;981;8.99
MATO GROSSO DO SUL;20;2004;478;478;4.38;1459;13.38
MATO GROSSO DO SUL;20;2005;499;498;4.57;1958;17.95
MATO GROSSO DO SUL;20;2006;490;490;4.49;2448;22.44
MATO GROSSO DO SUL;20;2007;441;441;4.04;2889;26.49
MATO GROSSO DO SUL;20;2008;483;482;4.43;3372;30.91
MATO GROSSO DO SUL;20;2009;506;505;4.64;3878;35.55
MATO GROSSO DO SUL;20;2010;462;460;4.24;4340;39.79
MATO GROSSO DO SUL;20;2011;429;428;3.93;4769;43.72
MATO GROSSO DO SUL;20;2012;479;478;4.39;5248;48.11
MATO GROSSO DO SUL;20;2013;395;395;3.62;5643;51.73
MATO GROSSO DO SUL;20;2014;340;340;3.12;5983;54.85
MATO GROSSO DO SUL;20;2015;374;372;3.43;6357;58.28
MATO GROSSO DO SUL;20;2016;398;396;3.65;6755;61.93
MATO GROSSO DO SUL;20;2017;391;389;3.58;7146;65.51
MATO GROSSO DO SUL;20;2018;436;436;4.0;7582;69.51
MATO GROSSO DO SUL;20;2019;488;487;4.47;8070;73.98
MATO GROSSO DO SUL;20;2020;520;520;4.77;8590;78.75
MATO GROSSO DO SUL;20;2021;503;499;4.61;9093;83.36
MATO GROSSO DO SUL;20;2022;533;530;4.89;9626;88.25
MATO GROSSO DO SUL;20;2023;490;486;4.49;10116;92.74
MATO GROSSO DO SUL;20;2024;537;536;4.92;10653;97.66
MATO GROSSO DO SUL;20;2025;255;253;2.34;10908;100.0
MINAS GERAIS E ESPÍRITO SANTO;11;Antes de 2000;51;51;2.71;51;2.71
MINAS GERAIS E ESPÍRITO SANTO;11;2000;41;41;2.18;92;4.9
MINAS GERAIS E ESPÍRITO SANTO;11;2001;62;61;3.3;154;8.2
MINAS GERAIS E ESPÍRITO SANTO;11;2002;35;35;1.86;189;10.06
MINAS GERAIS E ESPÍRITO SANTO;11;2003;45;45;2.39;234;12.45
MINAS GERAIS E ESPÍRITO SANTO;11;2004;64;64;3.41;298;15.86
MINAS GERAIS E ESPÍRITO SANTO;11;2005;59;59;3.14;357;19.0
MINAS GERAIS E ESPÍRITO SANTO;11;2006;47;46;2.5;404;21.5
MINAS GERAIS E ESPÍRITO SANTO;11;2007;56;56;2.98;460;24.48
MINAS GERAIS E ESPÍRITO SANTO;11;2008;66;66;3.51;526;27.99
MINAS GERAIS E ESPÍRITO SANTO;11;2009;72;72;3.83;598;31.83
MINAS GERAIS E ESPÍRITO SANTO;11;2010;84;84;4.47;682;36.3
MINAS GERAIS E ESPÍRITO SANTO;11;2011;66;66;3.51;748;39.81
MINAS GERAIS E ESPÍRITO SANTO;11;2012;82;80;4.36;830;44.17
MINAS GERAIS E ESPÍRITO SANTO;11;2013;74;73;3.94;904;48.11
MINAS GERAIS E ESPÍRITO SANTO;11;2014;74;71;3.94;978;52.05
MINAS GERAIS E ESPÍRITO SANTO;11;2015;84;82;4.47;1062;56.52
MINAS GERAIS E ESPÍRITO SANTO;11;2016;98;96;5.22;1160;61.73
MINAS GERAIS E ESPÍRITO SANTO;11;2017;79;79;4.2;1239;65.94
MINAS GERAIS E ESPÍRITO SANTO;11;2018;89;86;4.74;1328;70.68
MINAS GERAIS E ESPÍRITO SANTO;11;2019;72;71;3.83;1400;74.51
MINAS GERAIS E ESPÍRITO SANTO;11;2020;68;65;3.62;1468;78.13
MINAS GERAIS E ESPÍRITO SANTO;11;2021;96;93;5.11;1564;83.24
MINAS GERAIS E ESPÍRITO SANTO;11;2022;100;95;5.32;1664;88.56
MINAS GERAIS E ESPÍRITO SANTO;11;2023;85;83;4.52;1749;93.08
MINAS GERAIS E ESPÍRITO SANTO;11;2024;87;86;4.63;1836;97.71
MINAS GERAIS E ESPÍRITO SANTO;11;2025;43;43;2.29;1879;100.0
MÉDIO RIO PURUS;21;Antes de 2000;15;15;2.12;15;2.12
MÉDIO RIO PURUS;21;2000;6;6;0.85;21;2.96
MÉDIO RIO PURUS;21;2001;7;7;0.99;28;3.95
MÉDIO RIO PURUS;21;2002;8;8;1.13;36;5.08
MÉDIO RIO PURUS;21;2003;21;21;2.96;57;8.04
MÉDIO RIO PURUS;21;2004;26;26;3.67;83;11.71
MÉDIO RIO PURUS;21;2005;18;18;2.54;101;14.25
MÉDIO RIO PURUS;21;2006;24;24;3.39;125;17.63
MÉDIO RIO PURUS;21;2007;19;19;2.68;144;20.31
MÉDIO RIO PURUS;21;2008;21;21;2.96;165;23.27
MÉDIO RIO PURUS;21;2009;23;23;3.24;188;26.52
MÉDIO RIO PURUS;21;2010;20;20;2.82;208;29.34
MÉDIO RIO PURUS;21;2011;18;18;2.54;226;31.88
MÉDIO RIO PURUS;21;2012;42;41;5.92;268;37.8
MÉDIO RIO PURUS;21;2013;36;36;5.08;304;42.88
MÉDIO RIO PURUS;21;2014;27;27;3.81;331;46.69
MÉDIO RIO PURUS;21;2015;48;48;6.77;379;53.46
MÉDIO RIO PURUS;21;2016;38;37;5.36;417;58.82
MÉDIO RIO PURUS;21;2017;34;34;4.8;451;63.61
MÉDIO RIO PURUS;21;2018;39;38;5.5;490;69.11
MÉDIO RIO PURUS;21;2019;36;35;5.08;526;74.19
MÉDIO RIO PURUS;21;2020;24;24;3.39;550;77.57
MÉDIO RIO PURUS;21;2021;30;30;4.23;580;81.81
MÉDIO RIO PURUS;21;2022;32;31;4.51;612;86.32
MÉDIO RIO PURUS;21;2023;40;40;5.64;652;91.96
MÉDIO RIO PURUS;21;2024;42;41;5.92;694;97.88
MÉDIO RIO PURUS;21;2025;15;15;2.12;709;100.0
MÉDIO RIO SOLIMÕES E AFLUENTES;28;Antes de 2000;12;12;0.66;12;0.66
MÉDIO RIO SOLIMÕES E AFLUENTES;28;2000;6;6;0.33;18;0.99
MÉDIO RIO SOLIMÕES E AFLUENTES;28;2001;4;4;0.22;22;1.2
MÉDIO RIO SOLIMÕES E AFLUENTES;28;2002;9;9;0.49;31;1.7
MÉDIO RIO SOLIMÕES E AFLUENTES;28;2003;13;13;0.71;44;2.41
MÉDIO RIO SOLIMÕES E AFLUENTES;28;2004;16;16;0.88;60;3.28
MÉDIO RIO SOLIMÕES E AFLUENTES;28;2005;14;14;0.77;74;4.05
MÉDIO RIO SOLIMÕES E AFLUENTES;28;2006;24;24;1.31;98;5.36
MÉDIO RIO SOLIMÕES E AFLUENTES;28;2007;25;25;1.37;123;6.73
MÉDIO RIO SOLIMÕES E AFLUENTES;28;2008;22;20;1.2;145;7.94
MÉDIO RIO SOLIMÕES E AFLUENTES;28;2009;21;20;1.15;166;9.09
MÉDIO RIO SOLIMÕES E AFLUENTES;28;2010;37;36;2.03;203;11.11
MÉDIO RIO SOLIMÕES E AFLUENTES;28;2011;61;61;3.34;264;14.45
MÉDIO RIO SOLIMÕES E AFLUENTES;28;2012;114;114;6.24;378;20.69
MÉDIO RIO SOLIMÕES E AFLUENTES;28;2013;112;110;6.13;490;26.82
MÉDIO RIO SOLIMÕES E AFLUENTES;28;2014;114;114;6.24;604;33.06
MÉDIO RIO SOLIMÕES E AFLUENTES;28;2015;113;113;6.19;717;39.24
MÉDIO RIO SOLIMÕES E AFLUENTES;28;2016;109;107;5.97;826;45.21
MÉDIO RIO SOLIMÕES E AFLUENTES;28;2017;111;111;6.08;937;51.29
MÉDIO RIO SOLIMÕES E AFLUENTES;28;2018;129;128;7.06;1066;58.35
MÉDIO RIO SOLIMÕES E AFLUENTES;28;2019;99;98;5.42;1165;63.77
MÉDIO RIO SOLIMÕES E AFLUENTES;28;2020;100;98;5.47;1265;69.24
MÉDIO RIO SOLIMÕES E AFLUENTES;28;2021;121;120;6.62;1386;75.86
MÉDIO RIO SOLIMÕES E AFLUENTES;28;2022;109;106;5.97;1495;81.83
MÉDIO RIO SOLIMÕES E AFLUENTES;28;2023;155;154;8.48;1650;90.31
MÉDIO RIO SOLIMÕES E AFLUENTES;28;2024;124;124;6.79;1774;97.1
MÉDIO RIO SOLIMÕES E AFLUENTES;28;2025;53;53;2.9;1827;100.0
PARINTINS;22;2000;1;1;0.14;1;0.14
PARINTINS;22;2004;1;1;0.14;2;0.28
PARINTINS;22;2007;1;1;0.14;3;0.43
PARINTINS;22;2008;2;2;0.28;5;0.71
PARINTINS;22;2009;25;25;3.56;30;4.27
PARINTINS;22;2010;13;13;1.85;43;6.12
PARINTINS;22;2011;33;33;4.69;76;10.81
PARINTINS;22;2012;47;47;6.69;123;17.5
PARINTINS;22;2013;23;23;3.27;146;20.77
PARINTINS;22;2014;16;16;2.28;162;23.04
PARINTINS;22;2015;37;36;5.26;199;28.31
PARINTINS;22;2016;46;46;6.54;245;34.85
PARINTINS;22;2017;52;52;7.4;297;42.25
PARINTINS;22;2018;58;58;8.25;355;50.5
PARINTINS;22;2019;62;61;8.82;417;59.32
PARINTINS;22;2020;52;52;7.4;469;66.71
PARINTINS;22;2021;65;65;9.25;534;75.96
PARINTINS;22;2022;44;44;6.26;578;82.22
PARINTINS;22;2023;60;60;8.53;638;90.75
PARINTINS;22;2024;43;43;6.12;681;96.87
PARINTINS;22;2025;22;22;3.13;703;100.0
PERNAMBUCO;23;Antes de 2000;20;20;0.47;20;0.47
PERNAMBUCO;23;2000;40;40;0.94;60;1.41
PERNAMBUCO;23;2001;49;49;1.15;109;2.57
PERNAMBUCO;23;2002;80;80;1.88;189;4.45
PERNAMBUCO;23;2003;95;95;2.24;284;6.69
PERNAMBUCO;23;2004;142;142;3.35;426;10.04
PERNAMBUCO;23;2005;153;153;3.6;579;13.64
PERNAMBUCO;23;2006;165;163;3.89;744;17.53
PERNAMBUCO;23;2007;150;150;3.53;894;21.06
PERNAMBUCO;23;2008;166;165;3.91;1060;24.97
PERNAMBUCO;23;2009;170;170;4.0;1230;28.98
PERNAMBUCO;23;2010;198;196;4.66;1428;33.64
PERNAMBUCO;23;2011;188;185;4.43;1616;38.07
PERNAMBUCO;23;2012;230;225;5.42;1846;43.49
PERNAMBUCO;23;2013;158;157;3.72;2004;47.21
PERNAMBUCO;23;2014;169;168;3.98;2173;51.19
PERNAMBUCO;23;2015;180;174;4.24;2353;55.43
PERNAMBUCO;23;2016;182;181;4.29;2535;59.72
PERNAMBUCO;23;2017;201;195;4.73;2736;64.45
PERNAMBUCO;23;2018;172;165;4.05;2908;68.5
PERNAMBUCO;23;2019;189;189;4.45;3097;72.96
PERNAMBUCO;23;2020;196;189;4.62;3293;77.57
PERNAMBUCO;23;2021;228;223;5.37;3521;82.94
PERNAMBUCO;23;2022;213;203;5.02;3734;87.96
PERNAMBUCO;23;2023;217;204;5.11;3951;93.07
PERNAMBUCO;23;2024;214;203;5.04;4165;98.12
PERNAMBUCO;23;2025;80;78;1.88;4245;100.0
PORTO VELHO;24;Antes de 2000;1;1;0.12;1;0.12
PORTO VELHO;24;2000;13;13;1.51;14;1.63
PORTO VELHO;24;2001;16;16;1.86;30;3.48
PORTO VELHO;24;2002;19;18;2.21;49;5.69
PORTO VELHO;24;2003;38;38;4.41;87;10.1
PORTO VELHO;24;2004;24;24;2.79;111;12.89
PORTO VELHO;24;2005;36;35;4.18;147;17.07
PORTO VELHO;24;2006;31;31;3.6;178;20.67
PORTO VELHO;24;2007;36;36;4.18;214;24.85
PORTO VELHO;24;2008;35;33;4.07;249;28.92
PORTO VELHO;24;2009;31;31;3.6;280;32.52
PORTO VELHO;24;2010;31;31;3.6;311;36.12
PORTO VELHO;24;2011;35;35;4.07;346;40.19
PORTO VELHO;24;2012;30;30;3.48;376;43.67
PORTO VELHO;24;2013;31;31;3.6;407;47.27
PORTO VELHO;24;2014;42;42;4.88;449;52.15
PORTO VELHO;24;2015;34;34;3.95;483;56.1
PORTO VELHO;24;2016;40;40;4.65;523;60.74
PORTO VELHO;24;2017;35;34;4.07;558;64.81
PORTO VELHO;24;2018;41;41;4.76;599;69.57
PORTO VELHO;24;2019;27;27;3.14;626;72.71
PORTO VELHO;24;2020;41;39;4.76;667;77.47
PORTO VELHO;24;2021;46;43;5.34;713;82.81
PORTO VELHO;24;2022;43;41;4.99;756;87.8
PORTO VELHO;24;2023;49;49;5.69;805;93.5
PORTO VELHO;24;2024;41;39;4.76;846;98.26
PORTO VELHO;24;2025;15;14;1.74;861;100.0
POTIGUARA;25;Antes de 2000;9;8;0.69;9;0.69
POTIGUARA;25;2000;19;18;1.45;28;2.14
POTIGUARA;25;2001;27;27;2.06;55;4.2
POTIGUARA;25;2002;24;22;1.83;79;6.03
POTIGUARA;25;2003;26;23;1.98;105;8.01
POTIGUARA;25;2004;34;28;2.59;139;10.6
POTIGUARA;25;2005;39;31;2.97;178;13.58
POTIGUARA;25;2006;43;36;3.28;221;16.86
POTIGUARA;25;2007;39;31;2.97;260;19.83
POTIGUARA;25;2008;46;38;3.51;306;23.34
POTIGUARA;25;2009;52;46;3.97;358;27.31
POTIGUARA;25;2010;56;48;4.27;414;31.58
POTIGUARA;25;2011;66;59;5.03;480;36.61
POTIGUARA;25;2012;51;47;3.89;531;40.5
POTIGUARA;25;2013;54;47;4.12;585;44.62
POTIGUARA;25;2014;38;37;2.9;623;47.52
POTIGUARA;25;2015;62;57;4.73;685;52.25
POTIGUARA;25;2016;57;52;4.35;742;56.6
POTIGUARA;25;2017;62;57;4.73;804;61.33
POTIGUARA;25;2018;56;47;4.27;860;65.6
POTIGUARA;25;2019;48;38;3.66;908;69.26
POTIGUARA;25;2020;75;61;5.72;983;74.98
POTIGUARA;25;2021;69;60;5.26;1052;80.24
POTIGUARA;25;2022;88;77;6.71;1140;86.96
POTIGUARA;25;2023;71;59;5.42;1211;92.37
POTIGUARA;25;2024;75;63;5.72;1286;98.09
POTIGUARA;25;2025;25;20;1.91;1311;100.0
RIO TAPAJÓS;27;Antes de 2000;4;4;0.38;4;0.38
RIO TAPAJÓS;27;2000;3;3;0.28;7;0.66
RIO TAPAJÓS;27;2001;7;7;0.66;14;1.33
RIO TAPAJÓS;27;2002;16;16;1.52;30;2.85
RIO TAPAJÓS;27;2003;33;33;3.13;63;5.98
RIO TAPAJÓS;27;2004;34;34;3.23;97;9.2
RIO TAPAJÓS;27;2005;21;21;1.99;118;11.2
RIO TAPAJÓS;27;2006;27;27;2.56;145;13.76
RIO TAPAJÓS;27;2007;37;37;3.51;182;17.27
RIO TAPAJÓS;27;2008;43;43;4.08;225;21.35
RIO TAPAJÓS;27;2009;32;32;3.04;257;24.38
RIO TAPAJÓS;27;2010;66;66;6.26;323;30.65
RIO TAPAJÓS;27;2011;29;29;2.75;352;33.4
RIO TAPAJÓS;27;2012;48;48;4.55;400;37.95
RIO TAPAJÓS;27;2013;41;41;3.89;441;41.84
RIO TAPAJÓS;27;2014;49;49;4.65;490;46.49
RIO TAPAJÓS;27;2015;35;34;3.32;525;49.81
RIO TAPAJÓS;27;2016;44;42;4.17;569;53.98
RIO TAPAJÓS;27;2017;43;43;4.08;612;58.06
RIO TAPAJÓS;27;2018;46;46;4.36;658;62.43
RIO TAPAJÓS;27;2019;43;41;4.08;701;66.51
RIO TAPAJÓS;27;2020;69;67;6.55;770;73.06
RIO TAPAJÓS;27;2021;74;74;7.02;844;80.08
RIO TAPAJÓS;27;2022;59;58;5.6;903;85.67
RIO TAPAJÓS;27;2023;45;44;4.27;948;89.94
RIO TAPAJÓS;27;2024;76;73;7.21;1024;97.15
RIO TAPAJÓS;27;2025;30;30;2.85;1054;100.0
TOCANTINS;29;Antes de 2000;3;3;0.22;3;0.22
TOCANTINS;29;2000;11;11;0.82;14;1.04
TOCANTINS;29;2001;28;27;2.08;42;3.11
TOCANTINS;29;2002;39;37;2.89;81;6.0
TOCANTINS;29;2003;37;36;2.74;118;8.75
TOCANTINS;29;2004;34;34;2.52;152;11.27
TOCANTINS;29;2005;40;40;2.97;192;14.23
TOCANTINS;29;2006;62;60;4.6;254;18.83
TOCANTINS;29;2007;56;55;4.15;310;22.98
TOCANTINS;29;2008;51;49;3.78;361;26.76
TOCANTINS;29;2009;45;44;3.34;406;30.1
TOCANTINS;29;2010;70;70;5.19;476;35.29
TOCANTINS;29;2011;78;77;5.78;554;41.07
TOCANTINS;29;2012;57;54;4.23;611;45.29
TOCANTINS;29;2013;72;71;5.34;683;50.63
TOCANTINS;29;2014;37;37;2.74;720;53.37
TOCANTINS;29;2015;65;65;4.82;785;58.19
TOCANTINS;29;2016;46;45;3.41;831;61.6
TOCANTINS;29;2017;58;56;4.3;889;65.9
TOCANTINS;29;2018;54;51;4.0;943;69.9
TOCANTINS;29;2019;59;55;4.37;1002;74.28
TOCANTINS;29;2020;71;69;5.26;1073;79.54
TOCANTINS;29;2021;68;65;5.04;1141;84.58
TOCANTINS;29;2022;67;67;4.97;1208;89.55
TOCANTINS;29;2023;54;51;4.0;1262;93.55
TOCANTINS;29;2024;63;60;4.67;1325;98.22
TOCANTINS;29;2025;24;23;1.78;1349;100.0
VALE DO JAVARI;12;2000;1;1;0.17;1;0.17
VALE DO JAVARI;12;2001;2;2;0.35;3;0.52
VALE DO JAVARI;12;2002;6;6;1.05;9;1.57
VALE DO JAVARI;12;2003;10;10;1.75;19;3.32
VALE DO JAVARI;12;2004;17;17;2.97;36;6.29
VALE DO JAVARI;12;2005;9;9;1.57;45;7.87
VALE DO JAVARI;12;2006;17;17;2.97;62;10.84
VALE DO JAVARI;12;2007;16;16;2.8;78;13.64
VALE DO JAVARI;12;2008;9;9;1.57;87;15.21
VALE DO JAVARI;12;2009;21;21;3.67;108;18.88
VALE DO JAVARI;12;2010;30;30;5.24;138;24.13
VALE DO JAVARI;12;2011;41;41;7.17;179;31.29
VALE DO JAVARI;12;2012;24;24;4.2;203;35.49
VALE DO JAVARI;12;2013;26;26;4.55;229;40.03
VALE DO JAVARI;12;2014;31;31;5.42;260;45.45
VALE DO JAVARI;12;2015;31;30;5.42;291;50.87
VALE DO JAVARI;12;2016;24;24;4.2;315;55.07
VALE DO JAVARI;12;2017;41;41;7.17;356;62.24
VALE DO JAVARI;12;2018;30;30;5.24;386;67.48
VALE DO JAVARI;12;2019;33;33;5.77;419;73.25
VALE DO JAVARI;12;2020;26;26;4.55;445;77.8
VALE DO JAVARI;12;2021;24;24;4.2;469;81.99
VALE DO JAVARI;12;2022;27;27;4.72;496;86.71
VALE DO JAVARI;12;2023;37;37;6.47;533;93.18
VALE DO JAVARI;12;2024;30;30;5.24;563;98.43
VALE DO JAVARI;12;2025;9;9;1.57;572;100.0
VILHENA;30;Antes de 2000;2;2;0.29;2;0.29
VILHENA;30;2000;11;11;1.59;13;1.88
VILHENA;30;2001;26;26;3.76;39;5.64
VILHENA;30;2002;29;29;4.2;68;9.84
VILHENA;30;2003;27;27;3.91;95;13.75
VILHENA;30;2004;25;25;3.62;120;17.37
VILHENA;30;2005;21;21;3.04;141;20.41
VILHENA;30;2006;26;26;3.76;167;24.17
VILHENA;30;2007;26;26;3.76;193;27.93
VILHENA;30;2008;33;33;4.78;226;32.71
VILHENA;30;2009;25;25;3.62;251;36.32
VILHENA;30;2010;38;38;5.5;289;41.82
VILHENA;30;2011;26;26;3.76;315;45.59
VILHENA;30;2012;26;25;3.76;341;49.35
VILHENA;30;2013;32;32;4.63;373;53.98
VILHENA;30;2014;44;44;6.37;417;60.35
VILHENA;30;2015;25;25;3.62;442;63.97
VILHENA;30;2016;31;31;4.49;473;68.45
VILHENA;30;2017;29;29;4.2;502;72.65
VILHENA;30;2018;23;23;3.33;525;75.98
VILHENA;30;2019;24;23;3.47;549;79.45
VILHENA;30;2020;39;38;5.64;588;85.09
VILHENA;30;2021;24;24;3.47;612;88.57
VILHENA;30;2022;19;18;2.75;631;91.32
VILHENA;30;2023;28;25;4.05;659;95.37
VILHENA;30;2024;16;15;2.32;675;97.68
VILHENA;30;2025;16;16;2.32;691;100.0
XAVANTE;31;Antes de 2000;101;101;2.47;101;2.47
XAVANTE;31;2000;110;110;2.69;211;5.15
XAVANTE;31;2001;131;131;3.2;342;8.35
XAVANTE;31;2002;138;138;3.37;480;11.72
XAVANTE;31;2003;134;134;3.27;614;14.99
XAVANTE;31;2004;106;106;2.59;720;17.58
XAVANTE;31;2005;118;118;2.88;838;20.46
XAVANTE;31;2006;103;103;2.52;941;22.98
XAVANTE;31;2007;125;125;3.05;1066;26.03
XAVANTE;31;2008;129;129;3.15;1195;29.18
XAVANTE;31;2009;166;166;4.05;1361;33.24
XAVANTE;31;2010;170;170;4.15;1531;37.39
XAVANTE;31;2011;164;164;4.0;1695;41.39
XAVANTE;31;2012;164;164;4.0;1859;45.4
XAVANTE;31;2013;128;128;3.13;1987;48.52
XAVANTE;31;2014;165;165;4.03;2152;52.55
XAVANTE;31;2015;153;153;3.74;2305;56.29
XAVANTE;31;2016;149;149;3.64;2454;59.93
XAVANTE;31;2017;146;146;3.57;2600;63.49
XAVANTE;31;2018;122;122;2.98;2722;66.47
XAVANTE;31;2019;173;173;4.22;2895;70.7
XAVANTE;31;2020;221;220;5.4;3116;76.09
XAVANTE;31;2021;217;217;5.3;3333;81.39
XAVANTE;31;2022;221;221;5.4;3554;86.79
XAVANTE;31;2023;250;250;6.11;3804;92.89
XAVANTE;31;2024;213;213;5.2;4017;98.1
XAVANTE;31;2025;78;78;1.9;4095;100.0
XINGU;32;Antes de 2000;55;55;8.38;55;8.38
XINGU;32;2000;15;15;2.29;70;10.67
XINGU;32;2001;10;10;1.52;80;12.2
XINGU;32;2002;15;15;2.29;95;14.48
XINGU;32;2003;12;12;1.83;107;16.31
XINGU;32;2004;21;21;3.2;128;19.51
XINGU;32;2005;13;13;1.98;141;21.49
XINGU;32;2006;27;27;4.12;168;25.61
XINGU;32;2007;28;28;4.27;196;29.88
XINGU;32;2008;22;22;3.35;218;33.23
XINGU;32;2009;25;25;3.81;243;37.04
XINGU;32;2010;33;33;5.03;276;42.07
XINGU;32;2011;27;27;4.12;303;46.19
XINGU;32;2012;25;25;3.81;328;50.0
XINGU;32;2013;20;20;3.05;348;53.05
XINGU;32;2014;25;25;3.81;373;56.86
XINGU;32;2015;17;17;2.59;390;59.45
XINGU;32;2016;20;20;3.05;410;62.5
XINGU;32;2017;20;20;3.05;430;65.55
XINGU;32;2018;34;34;5.18;464;70.73
XINGU;32;2019;30;30;4.57;494;75.3
XINGU;32;2020;37;37;5.64;531;80.95
XINGU;32;2021;33;33;5.03;564;85.98
XINGU;32;2022;21;21;3.2;585;89.18
XINGU;32;2023;27;27;4.12;612;93.29
XINGU;32;2024;32;32;4.88;644;98.17
XINGU;32;2025;12;12;1.83;656;100.0
YANOMAMI;33;Antes de 2000;22;22;0.37;22;0.37
YANOMAMI;33;2000;90;90;1.5;112;1.87
YANOMAMI;33;2001;98;98;1.64;210;3.51
YANOMAMI;33;2002;129;129;2.15;339;5.66
YANOMAMI;33;2003;142;142;2.37;481;8.03
YANOMAMI;33;2004;136;136;2.27;617;10.3
YANOMAMI;33;2005;189;189;3.16;806;13.46
YANOMAMI;33;2006;212;212;3.54;1018;16.99
YANOMAMI;33;2007;214;214;3.57;1232;20.57
YANOMAMI;33;2008;199;199;3.32;1431;23.89
YANOMAMI;33;2009;198;198;3.31;1629;27.2
YANOMAMI;33;2010;243;243;4.06;1872;31.25
YANOMAMI;33;2011;266;266;4.44;2138;35.69
YANOMAMI;33;2012;272;272;4.54;2410;40.23
YANOMAMI;33;2013;267;267;4.46;2677;44.69
YANOMAMI;33;2014;212;212;3.54;2889;48.23
YANOMAMI;33;2015;184;184;3.07;3073;51.3
YANOMAMI;33;2016;220;220;3.67;3293;54.97
YANOMAMI;33;2017;226;226;3.77;3519;58.75
YANOMAMI;33;2018;240;240;4.01;3759;62.75
YANOMAMI;33;2019;264;264;4.41;4023;67.16
YANOMAMI;33;2020;339;339;5.66;4362;72.82
YANOMAMI;33;2021;365;365;6.09;4727;78.91
YANOMAMI;33;2022;355;354;5.93;5082;84.84
YANOMAMI;33;2023;431;431;7.2;5513;92.04
YANOMAMI;33;2024;344;344;5.74;5857;97.78
YANOMAMI;33;2025;133;133;2.22;5990;100.0
