ds_dsei_aldeia;co_seq_dsei;ano;ativos_e_indigenas;somente_ativos
ALAGOAS E SERGIPE;1;2000;9535;11480
ALAGOAS E SERGIPE;1;2001;9896;11887
ALAGOAS E SERGIPE;1;2002;10228;12266
ALAGOAS E SERGIPE;1;2003;10559;12634
ALAGOAS E SERGIPE;1;2004;10929;13030
ALAGOAS E SERGIPE;1;2005;11277;13401
ALAGOAS E SERGIPE;1;2006;11659;13803
ALAGOAS E SERGIPE;1;2007;12021;14179
ALAGOAS E SERGIPE;1;2008;12316;14488
ALAGOAS E SERGIPE;1;2009;12686;14864
ALAGOAS E SERGIPE;1;2010;12981;15157
ALAGOAS E SERGIPE;1;2011;13298;15473
ALAGOAS E SERGIPE;1;2012;13589;15758
ALAGOAS E SERGIPE;1;2013;13883;16053
ALAGOAS E SERGIPE;1;2014;14162;16332
ALAGOAS E SERGIPE;1;2015;14464;16629
ALAGOAS E SERGIPE;1;2016;14723;16887
ALAGOAS E SERGIPE;1;2017;15024;17179
ALAGOAS E SERGIPE;1;2018;15293;17442
ALAGOAS E SERGIPE;1;2019;15576;17719
ALAGOAS E SERGIPE;1;2020;15853;17995
ALAGOAS E SERGIPE;1;2021;16078;18213
ALAGOAS E SERGIPE;1;2022;16297;18425
ALAGOAS E SERGIPE;1;2023;16525;18646
ALAGOAS E SERGIPE;1;2024;16755;18869
ALAGOAS E SERGIPE;1;2025;16900;19003
ALAGOAS E SERGIPE;1;2026;16900;19003
AMAPÁ E NORTE DO PARÁ;2;2000;7012;7015
AMAPÁ E NORTE DO PARÁ;2;2001;7311;7314
AMAPÁ E NORTE DO PARÁ;2;2002;7657;7660
AMAPÁ E NORTE DO PARÁ;2;2003;7982;7985
AMAPÁ E NORTE DO PARÁ;2;2004;8261;8264
AMAPÁ E NORTE DO PARÁ;2;2005;8585;8588
AMAPÁ E NORTE DO PARÁ;2;2006;8892;8895
AMAPÁ E NORTE DO PARÁ;2;2007;9210;9213
AMAPÁ E NORTE DO PARÁ;2;2008;9528;9531
AMAPÁ E NORTE DO PARÁ;2;2009;9860;9863
AMAPÁ E NORTE DO PARÁ;2;2010;10184;10187
AMAPÁ E NORTE DO PARÁ;2;2011;10544;10547
AMAPÁ E NORTE DO PARÁ;2;2012;10877;10880
AMAPÁ E NORTE DO PARÁ;2;2013;11219;11222
AMAPÁ E NORTE DO PARÁ;2;2014;11595;11598
AMAPÁ E NORTE DO PARÁ;2;2015;11918;11921
AMAPÁ E NORTE DO PARÁ;2;2016;12265;12268
AMAPÁ E NORTE DO PARÁ;2;2017;12636;12639
AMAPÁ E NORTE DO PARÁ;2;2018;12971;12974
AMAPÁ E NORTE DO PARÁ;2;2019;13355;13358
AMAPÁ E NORTE DO PARÁ;2;2020;13700;13703
AMAPÁ E NORTE DO PARÁ;2;2021;14076;14079
AMAPÁ E NORTE DO PARÁ;2;2022;14435;14438
AMAPÁ E NORTE DO PARÁ;2;2023;14811;14813
AMAPÁ E NORTE DO PARÁ;2;2024;15114;15116
AMAPÁ E NORTE DO PARÁ;2;2025;15364;15366
AMAPÁ E NORTE DO PARÁ;2;2026;15364;15366
ALTAMIRA;3;2000;2038;2498
ALTAMIRA;3;2001;2120;2593
ALTAMIRA;3;2002;2223;2716
ALTAMIRA;3;2003;2334;2847
ALTAMIRA;3;2004;2434;2966
ALTAMIRA;3;2005;2532;3082
ALTAMIRA;3;2006;2657;3224
ALTAMIRA;3;2007;2801;3385
ALTAMIRA;3;2008;2912;3511
ALTAMIRA;3;2009;3056;3661
ALTAMIRA;3;2010;3185;3801
ALTAMIRA;3;2011;3319;3950
ALTAMIRA;3;2012;3453;4096
ALTAMIRA;3;2013;3608;4264
ALTAMIRA;3;2014;3770;4431
ALTAMIRA;3;2015;3944;4611
ALTAMIRA;3;2016;4121;4800
ALTAMIRA;3;2017;4272;4961
ALTAMIRA;3;2018;4410;5106
ALTAMIRA;3;2019;4563;5263
ALTAMIRA;3;2020;4701;5406
ALTAMIRA;3;2021;4862;5570
ALTAMIRA;3;2022;4986;5696
ALTAMIRA;3;2023;5103;5813
ALTAMIRA;3;2024;5224;5937
ALTAMIRA;3;2025;5296;6011
ALTAMIRA;3;2026;5296;6011
ALTO RIO JURUÁ;4;2000;9799;9932
ALTO RIO JURUÁ;4;2001;10307;10446
ALTO RIO JURUÁ;4;2002;10828;10976
ALTO RIO JURUÁ;4;2003;11384;11534
ALTO RIO JURUÁ;4;2004;11900;12057
ALTO RIO JURUÁ;4;2005;12444;12607
ALTO RIO JURUÁ;4;2006;13086;13255
ALTO RIO JURUÁ;4;2007;13657;13831
ALTO RIO JURUÁ;4;2008;14277;14456
ALTO RIO JURUÁ;4;2009;14899;15077
ALTO RIO JURUÁ;4;2010;15495;15673
ALTO RIO JURUÁ;4;2011;16107;16285
ALTO RIO JURUÁ;4;2012;16651;16829
ALTO RIO JURUÁ;4;2013;17219;17397
ALTO RIO JURUÁ;4;2014;17795;17975
ALTO RIO JURUÁ;4;2015;18325;18506
ALTO RIO JURUÁ;4;2016;18863;19044
ALTO RIO JURUÁ;4;2017;19469;19651
ALTO RIO JURUÁ;4;2018;20056;20238
ALTO RIO JURUÁ;4;2019;20618;20806
ALTO RIO JURUÁ;4;2020;21212;21401
ALTO RIO JURUÁ;4;2021;21955;22145
ALTO RIO JURUÁ;4;2022;22587;22782
ALTO RIO JURUÁ;4;2023;23204;23400
ALTO RIO JURUÁ;4;2024;23671;23868
ALTO RIO JURUÁ;4;2025;23889;24086
ALTO RIO JURUÁ;4;2026;23889;24086
ALTO RIO PURUS;5;2000;7666;8013
ALTO RIO PURUS;5;2001;8059;8420
ALTO RIO PURUS;5;2002;8446;8826
ALTO RIO PURUS;5;2003;8871;9263
ALTO RIO PURUS;5;2004;9283;9685
ALTO RIO PURUS;5;2005;9723;10134
ALTO RIO PURUS;5;2006;10136;10552
ALTO RIO PURUS;5;2007;10577;10999
ALTO RIO PURUS;5;2008;11046;11472
ALTO RIO PURUS;5;2009;11558;11989
ALTO RIO PURUS;5;2010;12009;12439
ALTO RIO PURUS;5;2011;12544;12978
ALTO RIO PURUS;5;2012;13020;13459
ALTO RIO PURUS;5;2013;13572;14017
ALTO RIO PURUS;5;2014;14097;14543
ALTO RIO PURUS;5;2015;14670;15120
ALTO RIO PURUS;5;2016;15204;15657
ALTO RIO PURUS;5;2017;15740;16201
ALTO RIO PURUS;5;2018;16208;16675
ALTO RIO PURUS;5;2019;16693;17163
ALTO RIO PURUS;5;2020;17166;17636
ALTO RIO PURUS;5;2021;17628;18100
ALTO RIO PURUS;5;2022;18059;18533
ALTO RIO PURUS;5;2023;18390;18863
ALTO RIO PURUS;5;2024;18694;19167
ALTO RIO PURUS;5;2025;18894;19365
ALTO RIO PURUS;5;2026;18894;19365
ALTO RIO NEGRO;6;2000;24845;25206
ALTO RIO NEGRO;6;2001;25774;26146
ALTO RIO NEGRO;6;2002;26662;27052
ALTO RIO NEGRO;6;2003;27637;28036
ALTO RIO NEGRO;6;2004;28651;29065
ALTO RIO NEGRO;6;2005;29621;30042
ALTO RIO NEGRO;6;2006;30641;31076
ALTO RIO NEGRO;6;2007;31596;32045
ALTO RIO NEGRO;6;2008;32586;33046
ALTO RIO NEGRO;6;2009;33453;33930
ALTO RIO NEGRO;6;2010;34256;34744
ALTO RIO NEGRO;6;2011;35129;35624
ALTO RIO NEGRO;6;2012;36074;36574
ALTO RIO NEGRO;6;2013;37033;37547
ALTO RIO NEGRO;6;2014;37968;38493
ALTO RIO NEGRO;6;2015;38779;39313
ALTO RIO NEGRO;6;2016;39657;40198
ALTO RIO NEGRO;6;2017;40467;41013
ALTO RIO NEGRO;6;2018;41255;41804
ALTO RIO NEGRO;6;2019;42072;42632
ALTO RIO NEGRO;6;2020;42895;43464
ALTO RIO NEGRO;6;2021;43643;44216
ALTO RIO NEGRO;6;2022;44416;44995
ALTO RIO NEGRO;6;2023;45001;45580
ALTO RIO NEGRO;6;2024;45642;46223
ALTO RIO NEGRO;6;2025;46036;46617
ALTO RIO NEGRO;6;2026;46038;46619
ALTO RIO SOLIMÕES;7;2000;41278;41722
ALTO RIO SOLIMÕES;7;2001;43126;43588
ALTO RIO SOLIMÕES;7;2002;45195;45670
ALTO RIO SOLIMÕES;7;2003;47134;47630
ALTO RIO SOLIMÕES;7;2004;49120;49631
ALTO RIO SOLIMÕES;7;2005;51118;51650
ALTO RIO SOLIMÕES;7;2006;53095;53640
ALTO RIO SOLIMÕES;7;2007;55322;55873
ALTO RIO SOLIMÕES;7;2008;57495;58060
ALTO RIO SOLIMÕES;7;2009;59793;60368
ALTO RIO SOLIMÕES;7;2010;61898;62482
ALTO RIO SOLIMÕES;7;2011;64046;64643
ALTO RIO SOLIMÕES;7;2012;66461;67064
ALTO RIO SOLIMÕES;7;2013;68947;69561
ALTO RIO SOLIMÕES;7;2014;71245;71867
ALTO RIO SOLIMÕES;7;2015;73735;74363
ALTO RIO SOLIMÕES;7;2016;76279;76917
ALTO RIO SOLIMÕES;7;2017;78814;79469
ALTO RIO SOLIMÕES;7;2018;81116;81785
ALTO RIO SOLIMÕES;7;2019;83405;84084
ALTO RIO SOLIMÕES;7;2020;85663;86351
ALTO RIO SOLIMÕES;7;2021;87745;88440
ALTO RIO SOLIMÕES;7;2022;90077;90788
ALTO RIO SOLIMÕES;7;2023;91893;92611
ALTO RIO SOLIMÕES;7;2024;93664;94386
ALTO RIO SOLIMÕES;7;2025;95488;96215
ALTO RIO SOLIMÕES;7;2026;95501;96228
ARAGUAIA;8;2000;2786;2925
ARAGUAIA;8;2001;2901;3040
ARAGUAIA;8;2002;3017;3158
ARAGUAIA;8;2003;3143;3286
ARAGUAIA;8;2004;3262;3405
ARAGUAIA;8;2005;3387;3532
ARAGUAIA;8;2006;3513;3662
ARAGUAIA;8;2007;3638;3787
ARAGUAIA;8;2008;3738;3887
ARAGUAIA;8;2009;3862;4013
ARAGUAIA;8;2010;3984;4135
ARAGUAIA;8;2011;4113;4265
ARAGUAIA;8;2012;4254;4407
ARAGUAIA;8;2013;4416;4568
ARAGUAIA;8;2014;4565;4718
ARAGUAIA;8;2015;4706;4859
ARAGUAIA;8;2016;4847;5002
ARAGUAIA;8;2017;4980;5135
ARAGUAIA;8;2018;5092;5247
ARAGUAIA;8;2019;5247;5401
ARAGUAIA;8;2020;5381;5535
ARAGUAIA;8;2021;5492;5646
ARAGUAIA;8;2022;5643;5798
ARAGUAIA;8;2023;5743;5898
ARAGUAIA;8;2024;5845;6000
ARAGUAIA;8;2025;5878;6033
ARAGUAIA;8;2026;5878;6033
BAHIA;9;2000;30216;32443
BAHIA;9;2001;31269;33531
BAHIA;9;2002;32298;34598
BAHIA;9;2003;33323;35655
BAHIA;9;2004;34312;36678
BAHIA;9;2005;35278;37667
BAHIA;9;2006;36219;38625
BAHIA;9;2007;37118;39539
BAHIA;9;2008;38059;40493
BAHIA;9;2009;38947;41395
BAHIA;9;2010;39757;42212
BAHIA;9;2011;40531;42990
BAHIA;9;2012;41360;43825
BAHIA;9;2013;41997;44472
BAHIA;9;2014;42561;45041
BAHIA;9;2015;43093;45573
BAHIA;9;2016;43634;46123
BAHIA;9;2017;44173;46668
BAHIA;9;2018;44781;47281
BAHIA;9;2019;45380;47879
BAHIA;9;2020;45975;48474
BAHIA;9;2021;46493;48987
BAHIA;9;2022;47040;49532
BAHIA;9;2023;47516;50001
BAHIA;9;2024;47932;50415
BAHIA;9;2025;48179;50652
BAHIA;9;2026;48183;50656
CEARÁ;10;2000;24819;26985
CEARÁ;10;2001;25517;27739
CEARÁ;10;2002;26250;28507
CEARÁ;10;2003;26882;29189
CEARÁ;10;2004;27453;29790
CEARÁ;10;2005;28095;30450
CEARÁ;10;2006;28815;31183
CEARÁ;10;2007;29451;31827
CEARÁ;10;2008;30082;32473
CEARÁ;10;2009;30601;32996
CEARÁ;10;2010;31173;33576
CEARÁ;10;2011;31733;34136
CEARÁ;10;2012;32299;34704
CEARÁ;10;2013;32802;35210
CEARÁ;10;2014;33303;35709
CEARÁ;10;2015;33819;36223
CEARÁ;10;2016;34345;36749
CEARÁ;10;2017;34827;37226
CEARÁ;10;2018;35320;37718
CEARÁ;10;2019;35844;38239
CEARÁ;10;2020;36285;38679
CEARÁ;10;2021;36690;39082
CEARÁ;10;2022;37075;39468
CEARÁ;10;2023;37447;39838
CEARÁ;10;2024;37804;40190
CEARÁ;10;2025;38062;40444
CEARÁ;10;2026;38062;40444
MINAS GERAIS E ESPÍRITO SANTO;11;2000;12008;13360
MINAS GERAIS E ESPÍRITO SANTO;11;2001;12521;13918
MINAS GERAIS E ESPÍRITO SANTO;11;2002;12956;14395
MINAS GERAIS E ESPÍRITO SANTO;11;2003;13426;14904
MINAS GERAIS E ESPÍRITO SANTO;11;2004;13840;15357
MINAS GERAIS E ESPÍRITO SANTO;11;2005;14288;15838
MINAS GERAIS E ESPÍRITO SANTO;11;2006;14759;16334
MINAS GERAIS E ESPÍRITO SANTO;11;2007;15217;16811
MINAS GERAIS E ESPÍRITO SANTO;11;2008;15654;17266
MINAS GERAIS E ESPÍRITO SANTO;11;2009;16123;17752
MINAS GERAIS E ESPÍRITO SANTO;11;2010;16552;18190
MINAS GERAIS E ESPÍRITO SANTO;11;2011;16994;18648
MINAS GERAIS E ESPÍRITO SANTO;11;2012;17376;19042
MINAS GERAIS E ESPÍRITO SANTO;11;2013;17805;19482
MINAS GERAIS E ESPÍRITO SANTO;11;2014;18272;19967
MINAS GERAIS E ESPÍRITO SANTO;11;2015;18709;20417
MINAS GERAIS E ESPÍRITO SANTO;11;2016;19122;20844
MINAS GERAIS E ESPÍRITO SANTO;11;2017;19526;21253
MINAS GERAIS E ESPÍRITO SANTO;11;2018;19931;21667
MINAS GERAIS E ESPÍRITO SANTO;11;2019;20359;22105
MINAS GERAIS E ESPÍRITO SANTO;11;2020;20771;22519
MINAS GERAIS E ESPÍRITO SANTO;11;2021;21226;22979
MINAS GERAIS E ESPÍRITO SANTO;11;2022;21639;23390
MINAS GERAIS E ESPÍRITO SANTO;11;2023;22041;23793
MINAS GERAIS E ESPÍRITO SANTO;11;2024;22420;24174
MINAS GERAIS E ESPÍRITO SANTO;11;2025;22669;24423
MINAS GERAIS E ESPÍRITO SANTO;11;2026;22667;24421
VALE DO JAVARI;12;2000;3144;3156
VALE DO JAVARI;12;2001;3294;3306
VALE DO JAVARI;12;2002;3459;3473
VALE DO JAVARI;12;2003;3625;3639
VALE DO JAVARI;12;2004;3785;3799
VALE DO JAVARI;12;2005;3950;3964
VALE DO JAVARI;12;2006;4145;4159
VALE DO JAVARI;12;2007;4311;4325
VALE DO JAVARI;12;2008;4477;4492
VALE DO JAVARI;12;2009;4648;4663
VALE DO JAVARI;12;2010;4839;4854
VALE DO JAVARI;12;2011;4999;5014
VALE DO JAVARI;12;2012;5196;5211
VALE DO JAVARI;12;2013;5407;5422
VALE DO JAVARI;12;2014;5616;5631
VALE DO JAVARI;12;2015;5812;5826
VALE DO JAVARI;12;2016;6018;6032
VALE DO JAVARI;12;2017;6189;6203
VALE DO JAVARI;12;2018;6395;6410
VALE DO JAVARI;12;2019;6582;6597
VALE DO JAVARI;12;2020;6763;6778
VALE DO JAVARI;12;2021;6965;6980
VALE DO JAVARI;12;2022;7193;7208
VALE DO JAVARI;12;2023;7347;7363
VALE DO JAVARI;12;2024;7510;7526
VALE DO JAVARI;12;2025;7645;7661
VALE DO JAVARI;12;2026;7645;7661
KAIAPÓ DO PARÁ;13;2000;3012;3021
KAIAPÓ DO PARÁ;13;2001;3186;3195
KAIAPÓ DO PARÁ;13;2002;3338;3347
KAIAPÓ DO PARÁ;13;2003;3495;3504
KAIAPÓ DO PARÁ;13;2004;3681;3690
KAIAPÓ DO PARÁ;13;2005;3852;3861
KAIAPÓ DO PARÁ;13;2006;4052;4061
KAIAPÓ DO PARÁ;13;2007;4246;4255
KAIAPÓ DO PARÁ;13;2008;4454;4463
KAIAPÓ DO PARÁ;13;2009;4629;4638
KAIAPÓ DO PARÁ;13;2010;4826;4835
KAIAPÓ DO PARÁ;13;2011;5016;5025
KAIAPÓ DO PARÁ;13;2012;5222;5231
KAIAPÓ DO PARÁ;13;2013;5390;5399
KAIAPÓ DO PARÁ;13;2014;5533;5542
KAIAPÓ DO PARÁ;13;2015;5699;5708
KAIAPÓ DO PARÁ;13;2016;5918;5927
KAIAPÓ DO PARÁ;13;2017;6105;6114
KAIAPÓ DO PARÁ;13;2018;6326;6335
KAIAPÓ DO PARÁ;13;2019;6516;6525
KAIAPÓ DO PARÁ;13;2020;6700;6709
KAIAPÓ DO PARÁ;13;2021;6894;6903
KAIAPÓ DO PARÁ;13;2022;7040;7049
KAIAPÓ DO PARÁ;13;2023;7139;7149
KAIAPÓ DO PARÁ;13;2024;7261;7271
KAIAPÓ DO PARÁ;13;2025;7314;7324
KAIAPÓ DO PARÁ;13;2026;7314;7324
LESTE DE RORAIMA;15;2000;38318;39105
LESTE DE RORAIMA;15;2001;39903;40705
LESTE DE RORAIMA;15;2002;41651;42474
LESTE DE RORAIMA;15;2003;43340;44178
LESTE DE RORAIMA;15;2004;45138;45990
LESTE DE RORAIMA;15;2005;46832;47697
LESTE DE RORAIMA;15;2006;48563;49441
LESTE DE RORAIMA;15;2007;50462;51352
LESTE DE RORAIMA;15;2008;52320;53222
LESTE DE RORAIMA;15;2009;54222;55137
LESTE DE RORAIMA;15;2010;56148;57072
LESTE DE RORAIMA;15;2011;58114;59053
LESTE DE RORAIMA;15;2012;60176;61126
LESTE DE RORAIMA;15;2013;62306;63264
LESTE DE RORAIMA;15;2014;64332;65298
LESTE DE RORAIMA;15;2015;66378;67355
LESTE DE RORAIMA;15;2016;68407;69402
LESTE DE RORAIMA;15;2017;70455;71458
LESTE DE RORAIMA;15;2018;72514;73528
LESTE DE RORAIMA;15;2019;74678;75703
LESTE DE RORAIMA;15;2020;76858;77890
LESTE DE RORAIMA;15;2021;78816;79857
LESTE DE RORAIMA;15;2022;80771;81811
LESTE DE RORAIMA;15;2023;82451;83491
LESTE DE RORAIMA;15;2024;83802;84840
LESTE DE RORAIMA;15;2025;84624;85661
LESTE DE RORAIMA;15;2026;84624;85661
MANAUS;17;2000;24522;25898
MANAUS;17;2001;25603;27019
MANAUS;17;2002;26728;28187
MANAUS;17;2003;27890;29393
MANAUS;17;2004;28986;30530
MANAUS;17;2005;30112;31691
MANAUS;17;2006;31290;32904
MANAUS;17;2007;32432;34085
MANAUS;17;2008;33563;35246
MANAUS;17;2009;34667;36372
MANAUS;17;2010;35768;37493
MANAUS;17;2011;36823;38565
MANAUS;17;2012;37939;39713
MANAUS;17;2013;38928;40722
MANAUS;17;2014;39926;41758
MANAUS;17;2015;40877;42738
MANAUS;17;2016;41841;43746
MANAUS;17;2017;42793;44731
MANAUS;17;2018;43713;45698
MANAUS;17;2019;44555;46583
MANAUS;17;2020;45354;47450
MANAUS;17;2021;46145;48275
MANAUS;17;2022;46917;49071
MANAUS;17;2023;47538;49713
MANAUS;17;2024;48128;50346
MANAUS;17;2025;48577;50827
MANAUS;17;2026;48577;50827
GUAMÁ-TOCANTINS;18;2000;12664;13699
GUAMÁ-TOCANTINS;18;2001;13237;14303
GUAMÁ-TOCANTINS;18;2002;13805;14901
GUAMÁ-TOCANTINS;18;2003;14360;15477
GUAMÁ-TOCANTINS;18;2004;14964;16110
GUAMÁ-TOCANTINS;18;2005;15555;16723
GUAMÁ-TOCANTINS;18;2006;16160;17347
GUAMÁ-TOCANTINS;18;2007;16833;18040
GUAMÁ-TOCANTINS;18;2008;17453;18675
GUAMÁ-TOCANTINS;18;2009;18082;19323
GUAMÁ-TOCANTINS;18;2010;18716;19966
GUAMÁ-TOCANTINS;18;2011;19323;20588
GUAMÁ-TOCANTINS;18;2012;19955;21230
GUAMÁ-TOCANTINS;18;2013;20573;21857
GUAMÁ-TOCANTINS;18;2014;21215;22502
GUAMÁ-TOCANTINS;18;2015;21867;23165
GUAMÁ-TOCANTINS;18;2016;22523;23832
GUAMÁ-TOCANTINS;18;2017;23147;24461
GUAMÁ-TOCANTINS;18;2018;23759;25077
GUAMÁ-TOCANTINS;18;2019;24428;25745
GUAMÁ-TOCANTINS;18;2020;25012;26332
GUAMÁ-TOCANTINS;18;2021;25632;26955
GUAMÁ-TOCANTINS;18;2022;26219;27544
GUAMÁ-TOCANTINS;18;2023;26676;28004
GUAMÁ-TOCANTINS;18;2024;27041;28369
GUAMÁ-TOCANTINS;18;2025;27261;28584
GUAMÁ-TOCANTINS;18;2026;27262;28585
MARANHÃO;19;2000;24474;25447
MARANHÃO;19;2001;25651;26639
MARANHÃO;19;2002;26848;27857
MARANHÃO;19;2003;28126;29154
MARANHÃO;19;2004;29317;30355
MARANHÃO;19;2005;30565;31614
MARANHÃO;19;2006;31907;32964
MARANHÃO;19;2007;33159;34222
MARANHÃO;19;2008;34353;35423
MARANHÃO;19;2009;35534;36616
MARANHÃO;19;2010;36758;37851
MARANHÃO;19;2011;37975;39077
MARANHÃO;19;2012;39156;40262
MARANHÃO;19;2013;40364;41471
MARANHÃO;19;2014;41462;42573
MARANHÃO;19;2015;42776;43895
MARANHÃO;19;2016;44065;45186
MARANHÃO;19;2017;45349;46474
MARANHÃO;19;2018;46841;47972
MARANHÃO;19;2019;48352;49482
MARANHÃO;19;2020;49801;50930
MARANHÃO;19;2021;51338;52466
MARANHÃO;19;2022;52777;53903
MARANHÃO;19;2023;54062;55190
MARANHÃO;19;2024;55171;56299
MARANHÃO;19;2025;55768;56897
MARANHÃO;19;2026;55767;56896
MATO GROSSO DO SUL;20;2000;58913;60222
MATO GROSSO DO SUL;20;2001;61497;62839
MATO GROSSO DO SUL;20;2002;64220;65597
MATO GROSSO DO SUL;20;2003;66748;68148
MATO GROSSO DO SUL;20;2004;69227;70660
MATO GROSSO DO SUL;20;2005;71747;73207
MATO GROSSO DO SUL;20;2006;74222;75708
MATO GROSSO DO SUL;20;2007;76584;78089
MATO GROSSO DO SUL;20;2008;78726;80248
MATO GROSSO DO SUL;20;2009;81407;82942
MATO GROSSO DO SUL;20;2010;83483;85033
MATO GROSSO DO SUL;20;2011;85840;87402
MATO GROSSO DO SUL;20;2012;88159;89728
MATO GROSSO DO SUL;20;2013;90341;91923
MATO GROSSO DO SUL;20;2014;92444;94041
MATO GROSSO DO SUL;20;2015;94542;96160
MATO GROSSO DO SUL;20;2016;96421;98058
MATO GROSSO DO SUL;20;2017;98297;99947
MATO GROSSO DO SUL;20;2018;100097;101770
MATO GROSSO DO SUL;20;2019;101679;103363
MATO GROSSO DO SUL;20;2020;103397;105091
MATO GROSSO DO SUL;20;2021;104955;106658
MATO GROSSO DO SUL;20;2022;106474;108186
MATO GROSSO DO SUL;20;2023;108011;109722
MATO GROSSO DO SUL;20;2024;109464;111182
MATO GROSSO DO SUL;20;2025;110152;111868
MATO GROSSO DO SUL;20;2026;110144;111860
MÉDIO RIO PURUS;21;2000;5203;5815
MÉDIO RIO PURUS;21;2001;5432;6067
MÉDIO RIO PURUS;21;2002;5711;6366
MÉDIO RIO PURUS;21;2003;5990;6666
MÉDIO RIO PURUS;21;2004;6254;6950
MÉDIO RIO PURUS;21;2005;6524;7226
MÉDIO RIO PURUS;21;2006;6803;7518
MÉDIO RIO PURUS;21;2007;7065;7792
MÉDIO RIO PURUS;21;2008;7349;8090
MÉDIO RIO PURUS;21;2009;7601;8352
MÉDIO RIO PURUS;21;2010;7887;8645
MÉDIO RIO PURUS;21;2011;8151;8919
MÉDIO RIO PURUS;21;2012;8453;9224
MÉDIO RIO PURUS;21;2013;8724;9504
MÉDIO RIO PURUS;21;2014;8999;9787
MÉDIO RIO PURUS;21;2015;9271;10066
MÉDIO RIO PURUS;21;2016;9527;10328
MÉDIO RIO PURUS;21;2017;9787;10593
MÉDIO RIO PURUS;21;2018;10018;10827
MÉDIO RIO PURUS;21;2019;10288;11101
MÉDIO RIO PURUS;21;2020;10546;11361
MÉDIO RIO PURUS;21;2021;10822;11642
MÉDIO RIO PURUS;21;2022;11129;11951
MÉDIO RIO PURUS;21;2023;11388;12210
MÉDIO RIO PURUS;21;2024;11676;12499
MÉDIO RIO PURUS;21;2025;11875;12699
MÉDIO RIO PURUS;21;2026;11875;12699
PARINTINS;22;2000;8345;8549
PARINTINS;22;2001;8771;8978
PARINTINS;22;2002;9156;9367
PARINTINS;22;2003;9598;9816
PARINTINS;22;2004;10025;10248
PARINTINS;22;2005;10431;10656
PARINTINS;22;2006;10916;11143
PARINTINS;22;2007;11427;11656
PARINTINS;22;2008;11934;12167
PARINTINS;22;2009;12421;12656
PARINTINS;22;2010;12948;13184
PARINTINS;22;2011;13462;13700
PARINTINS;22;2012;14003;14241
PARINTINS;22;2013;14487;14728
PARINTINS;22;2014;15016;15259
PARINTINS;22;2015;15557;15801
PARINTINS;22;2016;16118;16364
PARINTINS;22;2017;16681;16928
PARINTINS;22;2018;17218;17468
PARINTINS;22;2019;17764;18014
PARINTINS;22;2020;18280;18532
PARINTINS;22;2021;18810;19064
PARINTINS;22;2022;19373;19629
PARINTINS;22;2023;19881;20137
PARINTINS;22;2024;20367;20624
PARINTINS;22;2025;20775;21033
PARINTINS;22;2026;20775;21033
PERNAMBUCO;23;2000;36640;39142
PERNAMBUCO;23;2001;37834;40406
PERNAMBUCO;23;2002;38942;41582
PERNAMBUCO;23;2003;40014;42702
PERNAMBUCO;23;2004;40971;43702
PERNAMBUCO;23;2005;41984;44768
PERNAMBUCO;23;2006;43137;45969
PERNAMBUCO;23;2007;44116;46990
PERNAMBUCO;23;2008;45073;47991
PERNAMBUCO;23;2009;46079;49025
PERNAMBUCO;23;2010;46965;49944
PERNAMBUCO;23;2011;47842;50841
PERNAMBUCO;23;2012;48690;51698
PERNAMBUCO;23;2013;49405;52437
PERNAMBUCO;23;2014;50186;53239
PERNAMBUCO;23;2015;50920;54001
PERNAMBUCO;23;2016;51738;54842
PERNAMBUCO;23;2017;52453;55569
PERNAMBUCO;23;2018;53175;56313
PERNAMBUCO;23;2019;54039;57193
PERNAMBUCO;23;2020;54740;57907
PERNAMBUCO;23;2021;55555;58736
PERNAMBUCO;23;2022;56290;59474
PERNAMBUCO;23;2023;56927;60110
PERNAMBUCO;23;2024;57484;60660
PERNAMBUCO;23;2025;57889;61060
PERNAMBUCO;23;2026;57889;61060
PORTO VELHO;24;2000;5492;5773
PORTO VELHO;24;2001;5736;6022
PORTO VELHO;24;2002;5996;6292
PORTO VELHO;24;2003;6268;6570
PORTO VELHO;24;2004;6532;6841
PORTO VELHO;24;2005;6824;7135
PORTO VELHO;24;2006;7131;7447
PORTO VELHO;24;2007;7457;7776
PORTO VELHO;24;2008;7745;8063
PORTO VELHO;24;2009;8069;8391
PORTO VELHO;24;2010;8359;8683
PORTO VELHO;24;2011;8647;8972
PORTO VELHO;24;2012;8970;9295
PORTO VELHO;24;2013;9274;9602
PORTO VELHO;24;2014;9586;9914
PORTO VELHO;24;2015;9875;10205
PORTO VELHO;24;2016;10142;10475
PORTO VELHO;24;2017;10425;10761
PORTO VELHO;24;2018;10697;11036
PORTO VELHO;24;2019;10987;11326
PORTO VELHO;24;2020;11251;11592
PORTO VELHO;24;2021;11531;11871
PORTO VELHO;24;2022;11840;12181
PORTO VELHO;24;2023;12146;12487
PORTO VELHO;24;2024;12420;12761
PORTO VELHO;24;2025;12650;12989
PORTO VELHO;24;2026;12650;12989
POTIGUARA;25;2000;16324;19714
POTIGUARA;25;2001;16839;20281
POTIGUARA;25;2002;17346;20839
POTIGUARA;25;2003;17872;21403
POTIGUARA;25;2004;18357;21917
POTIGUARA;25;2005;18851;22426
POTIGUARA;25;2006;19392;22985
POTIGUARA;25;2007;19908;23519
POTIGUARA;25;2008;20413;24038
POTIGUARA;25;2009;20909;24537
POTIGUARA;25;2010;21395;25026
POTIGUARA;25;2011;21934;25571
POTIGUARA;25;2012;22442;26083
POTIGUARA;25;2013;22869;26508
POTIGUARA;25;2014;23361;27005
POTIGUARA;25;2015;23831;27474
POTIGUARA;25;2016;24332;27974
POTIGUARA;25;2017;24844;28486
POTIGUARA;25;2018;25378;29018
POTIGUARA;25;2019;25957;29591
POTIGUARA;25;2020;26463;30090
POTIGUARA;25;2021;26989;30603
POTIGUARA;25;2022;27460;31063
POTIGUARA;25;2023;27894;31488
POTIGUARA;25;2024;28311;31893
POTIGUARA;25;2025;28693;32265
POTIGUARA;25;2026;28693;32265
CUIABÁ;26;2000;6059;6263
CUIABÁ;26;2001;6288;6505
CUIABÁ;26;2002;6519;6741
CUIABÁ;26;2003;6729;6963
CUIABÁ;26;2004;6934;7176
CUIABÁ;26;2005;7193;7445
CUIABÁ;26;2006;7437;7694
CUIABÁ;26;2007;7670;7929
CUIABÁ;26;2008;7901;8164
CUIABÁ;26;2009;8139;8403
CUIABÁ;26;2010;8370;8638
CUIABÁ;26;2011;8642;8913
CUIABÁ;26;2012;8882;9153
CUIABÁ;26;2013;9107;9383
CUIABÁ;26;2014;9321;9602
CUIABÁ;26;2015;9519;9803
CUIABÁ;26;2016;9715;10004
CUIABÁ;26;2017;9911;10205
CUIABÁ;26;2018;10093;10389
CUIABÁ;26;2019;10292;10590
CUIABÁ;26;2020;10529;10830
CUIABÁ;26;2021;10708;11010
CUIABÁ;26;2022;10957;11259
CUIABÁ;26;2023;11162;11464
CUIABÁ;26;2024;11322;11626
CUIABÁ;26;2025;11418;11721
CUIABÁ;26;2026;11418;11721
RIO TAPAJÓS;27;2000;5934;6091
RIO TAPAJÓS;27;2001;6232;6390
RIO TAPAJÓS;27;2002;6556;6717
RIO TAPAJÓS;27;2003;6883;7047
RIO TAPAJÓS;27;2004;7185;7355
RIO TAPAJÓS;27;2005;7553;7729
RIO TAPAJÓS;27;2006;7891;8074
RIO TAPAJÓS;27;2007;8274;8460
RIO TAPAJÓS;27;2008;8628;8819
RIO TAPAJÓS;27;2009;8995;9190
RIO TAPAJÓS;27;2010;9360;9557
RIO TAPAJÓS;27;2011;9710;9908
RIO TAPAJÓS;27;2012;10171;10369
RIO TAPAJÓS;27;2013;10534;10734
RIO TAPAJÓS;27;2014;10945;11148
RIO TAPAJÓS;27;2015;11391;11595
RIO TAPAJÓS;27;2016;11858;12062
RIO TAPAJÓS;27;2017;12352;12558
RIO TAPAJÓS;27;2018;12846;13053
RIO TAPAJÓS;27;2019;13327;13532
RIO TAPAJÓS;27;2020;13761;13966
RIO TAPAJÓS;27;2021;14271;14475
RIO TAPAJÓS;27;2022;14747;14951
RIO TAPAJÓS;27;2023;15182;15387
RIO TAPAJÓS;27;2024;15688;15889
RIO TAPAJÓS;27;2025;15954;16155
RIO TAPAJÓS;27;2026;15954;16155
MÉDIO RIO SOLIMÕES E AFLUENTES;28;2000;8443;8776
MÉDIO RIO SOLIMÕES E AFLUENTES;28;2001;8839;9185
MÉDIO RIO SOLIMÕES E AFLUENTES;28;2002;9282;9637
MÉDIO RIO SOLIMÕES E AFLUENTES;28;2003;9727;10092
MÉDIO RIO SOLIMÕES E AFLUENTES;28;2004;10172;10552
MÉDIO RIO SOLIMÕES E AFLUENTES;28;2005;10693;11083
MÉDIO RIO SOLIMÕES E AFLUENTES;28;2006;11228;11627
MÉDIO RIO SOLIMÕES E AFLUENTES;28;2007;11736;12142
MÉDIO RIO SOLIMÕES E AFLUENTES;28;2008;12276;12684
MÉDIO RIO SOLIMÕES E AFLUENTES;28;2009;12849;13260
MÉDIO RIO SOLIMÕES E AFLUENTES;28;2010;13440;13854
MÉDIO RIO SOLIMÕES E AFLUENTES;28;2011;14005;14421
MÉDIO RIO SOLIMÕES E AFLUENTES;28;2012;14583;15006
MÉDIO RIO SOLIMÕES E AFLUENTES;28;2013;15118;15545
MÉDIO RIO SOLIMÕES E AFLUENTES;28;2014;15775;16202
MÉDIO RIO SOLIMÕES E AFLUENTES;28;2015;16418;16848
MÉDIO RIO SOLIMÕES E AFLUENTES;28;2016;17034;17468
MÉDIO RIO SOLIMÕES E AFLUENTES;28;2017;17648;18084
MÉDIO RIO SOLIMÕES E AFLUENTES;28;2018;18261;18699
MÉDIO RIO SOLIMÕES E AFLUENTES;28;2019;18926;19370
MÉDIO RIO SOLIMÕES E AFLUENTES;28;2020;19463;19906
MÉDIO RIO SOLIMÕES E AFLUENTES;28;2021;20077;20522
MÉDIO RIO SOLIMÕES E AFLUENTES;28;2022;20697;21149
MÉDIO RIO SOLIMÕES E AFLUENTES;28;2023;21193;21645
MÉDIO RIO SOLIMÕES E AFLUENTES;28;2024;21778;22233
MÉDIO RIO SOLIMÕES E AFLUENTES;28;2025;22242;22700
MÉDIO RIO SOLIMÕES E AFLUENTES;28;2026;22241;22699
TOCANTINS;29;2000;5936;6372
TOCANTINS;29;2001;6182;6627
TOCANTINS;29;2002;6452;6902
TOCANTINS;29;2003;6716;7168
TOCANTINS;29;2004;6997;7457
TOCANTINS;29;2005;7276;7738
TOCANTINS;29;2006;7558;8026
TOCANTINS;29;2007;7892;8362
TOCANTINS;29;2008;8258;8730
TOCANTINS;29;2009;8571;9045
TOCANTINS;29;2010;8879;9355
TOCANTINS;29;2011;9217;9694
TOCANTINS;29;2012;9586;10062
TOCANTINS;29;2013;9994;10471
TOCANTINS;29;2014;10362;10838
TOCANTINS;29;2015;10802;11281
TOCANTINS;29;2016;11200;11681
TOCANTINS;29;2017;11557;12036
TOCANTINS;29;2018;11931;12413
TOCANTINS;29;2019;12314;12790
TOCANTINS;29;2020;12626;13103
TOCANTINS;29;2021;12961;13436
TOCANTINS;29;2022;13272;13747
TOCANTINS;29;2023;13620;14093
TOCANTINS;29;2024;13906;14378
TOCANTINS;29;2025;14110;14579
TOCANTINS;29;2026;14109;14578
VILHENA;30;2000;3188;3344
VILHENA;30;2001;3321;3481
VILHENA;30;2002;3454;3617
VILHENA;30;2003;3577;3742
VILHENA;30;2004;3743;3911
VILHENA;30;2005;3887;4055
VILHENA;30;2006;4025;4194
VILHENA;30;2007;4211;4385
VILHENA;30;2008;4380;4557
VILHENA;30;2009;4534;4712
VILHENA;30;2010;4704;4884
VILHENA;30;2011;4893;5076
VILHENA;30;2012;5078;5261
VILHENA;30;2013;5256;5443
VILHENA;30;2014;5486;5673
VILHENA;30;2015;5676;5863
VILHENA;30;2016;5876;6064
VILHENA;30;2017;6082;6273
VILHENA;30;2018;6274;6467
VILHENA;30;2019;6477;6672
VILHENA;30;2020;6631;6827
VILHENA;30;2021;6798;6994
VILHENA;30;2022;6960;7156
VILHENA;30;2023;7147;7342
VILHENA;30;2024;7299;7490
VILHENA;30;2025;7393;7585
VILHENA;30;2026;7393;7585
XAVANTE;31;2000;10092;10101
XAVANTE;31;2001;10575;10584
XAVANTE;31;2002;11079;11088
XAVANTE;31;2003;11559;11568
XAVANTE;31;2004;12102;12111
XAVANTE;31;2005;12669;12678
XAVANTE;31;2006;13255;13264
XAVANTE;31;2007;13831;13840
XAVANTE;31;2008;14439;14448
XAVANTE;31;2009;15069;15078
XAVANTE;31;2010;15679;15688
XAVANTE;31;2011;16339;16348
XAVANTE;31;2012;16978;16987
XAVANTE;31;2013;17689;17698
XAVANTE;31;2014;18402;18411
XAVANTE;31;2015;19096;19105
XAVANTE;31;2016;19777;19786
XAVANTE;31;2017;20523;20532
XAVANTE;31;2018;21322;21331
XAVANTE;31;2019;22159;22168
XAVANTE;31;2020;22848;22857
XAVANTE;31;2021;23666;23674
XAVANTE;31;2022;24537;24545
XAVANTE;31;2023;25321;25329
XAVANTE;31;2024;26096;26104
XAVANTE;31;2025;26851;26860
XAVANTE;31;2026;26851;26860
XINGU;32;2000;3965;3980
XINGU;32;2001;4148;4163
XINGU;32;2002;4330;4345
XINGU;32;2003;4512;4527
XINGU;32;2004;4703;4718
XINGU;32;2005;4938;4953
XINGU;32;2006;5141;5156
XINGU;32;2007;5358;5373
XINGU;32;2008;5573;5589
XINGU;32;2009;5787;5803
XINGU;32;2010;5995;6011
XINGU;32;2011;6224;6240
XINGU;32;2012;6466;6482
XINGU;32;2013;6710;6726
XINGU;32;2014;6927;6943
XINGU;32;2015;7166;7182
XINGU;32;2016;7356;7372
XINGU;32;2017;7561;7577
XINGU;32;2018;7771;7787
XINGU;32;2019;8001;8017
XINGU;32;2020;8230;8246
XINGU;32;2021;8440;8456
XINGU;32;2022;8688;8704
XINGU;32;2023;8916;8932
XINGU;32;2024;9146;9162
XINGU;32;2025;9328;9345
XINGU;32;2026;9328;9345
YANOMAMI;33;2000;13250;13251
YANOMAMI;33;2001;13904;13905
YANOMAMI;33;2002;14558;14559
YANOMAMI;33;2003;15236;15237
YANOMAMI;33;2004;16016;16017
YANOMAMI;33;2005;16751;16752
YANOMAMI;33;2006;17533;17534
YANOMAMI;33;2007;18241;18242
YANOMAMI;33;2008;18949;18950
YANOMAMI;33;2009;19875;19876
YANOMAMI;33;2010;20739;20740
YANOMAMI;33;2011;21468;21469
YANOMAMI;33;2012;22452;22453
YANOMAMI;33;2013;23322;23323
YANOMAMI;33;2014;24166;24167
YANOMAMI;33;2015;25230;25231
YANOMAMI;33;2016;26309;26310
YANOMAMI;33;2017;27176;27177
YANOMAMI;33;2018;28320;28321
YANOMAMI;33;2019;29603;29604
YANOMAMI;33;2020;30706;30707
YANOMAMI;33;2021;31700;31702
YANOMAMI;33;2022;32849;32851
YANOMAMI;33;2023;33779;33780
YANOMAMI;33;2024;34783;34784
YANOMAMI;33;2025;35768;35769
YANOMAMI;33;2026;35772;35773
KAIAPÓ DO MATO GROSSO;34;2000;3478;3523
KAIAPÓ DO MATO GROSSO;34;2001;3670;3716
KAIAPÓ DO MATO GROSSO;34;2002;3816;3864
KAIAPÓ DO MATO GROSSO;34;2003;3987;4035
KAIAPÓ DO MATO GROSSO;34;2004;4156;4205
KAIAPÓ DO MATO GROSSO;34;2005;4348;4398
KAIAPÓ DO MATO GROSSO;34;2006;4475;4526
KAIAPÓ DO MATO GROSSO;34;2007;4599;4650
KAIAPÓ DO MATO GROSSO;34;2008;4720;4771
KAIAPÓ DO MATO GROSSO;34;2009;4848;4899
KAIAPÓ DO MATO GROSSO;34;2010;4977;5030
KAIAPÓ DO MATO GROSSO;34;2011;5108;5161
KAIAPÓ DO MATO GROSSO;34;2012;5249;5302
KAIAPÓ DO MATO GROSSO;34;2013;5390;5443
KAIAPÓ DO MATO GROSSO;34;2014;5529;5582
KAIAPÓ DO MATO GROSSO;34;2015;5694;5747
KAIAPÓ DO MATO GROSSO;34;2016;5841;5895
KAIAPÓ DO MATO GROSSO;34;2017;5995;6050
KAIAPÓ DO MATO GROSSO;34;2018;6172;6227
KAIAPÓ DO MATO GROSSO;34;2019;6320;6375
KAIAPÓ DO MATO GROSSO;34;2020;6452;6507
KAIAPÓ DO MATO GROSSO;34;2021;6598;6653
KAIAPÓ DO MATO GROSSO;34;2022;6733;6788
KAIAPÓ DO MATO GROSSO;34;2023;6877;6932
KAIAPÓ DO MATO GROSSO;34;2024;7038;7093
KAIAPÓ DO MATO GROSSO;34;2025;7096;7151
KAIAPÓ DO MATO GROSSO;34;2026;7096;7151
LITORAL SUL;35;2000;12140;12719
LITORAL SUL;35;2001;12797;13380
LITORAL SUL;35;2002;13455;14050
LITORAL SUL;35;2003;14100;14704
LITORAL SUL;35;2004;14704;15312
LITORAL SUL;35;2005;15337;15954
LITORAL SUL;35;2006;15985;16605
LITORAL SUL;35;2007;16530;17153
LITORAL SUL;35;2008;17120;17749
LITORAL SUL;35;2009;17638;18272
LITORAL SUL;35;2010;18146;18780
LITORAL SUL;35;2011;18668;19308
LITORAL SUL;35;2012;19215;19858
LITORAL SUL;35;2013;19683;20328
LITORAL SUL;35;2014;20172;20819
LITORAL SUL;35;2015;20693;21343
LITORAL SUL;35;2016;21161;21813
LITORAL SUL;35;2017;21636;22287
LITORAL SUL;35;2018;22129;22785
LITORAL SUL;35;2019;22581;23241
LITORAL SUL;35;2020;23039;23699
LITORAL SUL;35;2021;23428;24089
LITORAL SUL;35;2022;23854;24515
LITORAL SUL;35;2023;24179;24842
LITORAL SUL;35;2024;24496;25160
LITORAL SUL;35;2025;24610;25274
LITORAL SUL;35;2026;24610;25274
INTERIOR SUL;36;2000;43260;45216
INTERIOR SUL;36;2001;45389;47398
INTERIOR SUL;36;2002;47581;49653
INTERIOR SUL;36;2003;49646;51760
INTERIOR SUL;36;2004;51603;53761
INTERIOR SUL;36;2005;53680;55876
INTERIOR SUL;36;2006;55649;57870
INTERIOR SUL;36;2007;57220;59464
INTERIOR SUL;36;2008;58584;60846
INTERIOR SUL;36;2009;60161;62449
INTERIOR SUL;36;2010;61695;64001
INTERIOR SUL;36;2011;63239;65564
INTERIOR SUL;36;2012;64772;67115
INTERIOR SUL;36;2013;66465;68833
INTERIOR SUL;36;2014;68077;70460
INTERIOR SUL;36;2015;69814;72220
INTERIOR SUL;36;2016;71493;73911
INTERIOR SUL;36;2017;72915;75346
INTERIOR SUL;36;2018;74317;76765
INTERIOR SUL;36;2019;75757;78219
INTERIOR SUL;36;2020;77088;79564
INTERIOR SUL;36;2021;78302;80779
INTERIOR SUL;36;2022;79498;81982
INTERIOR SUL;36;2023;80720;83205
INTERIOR SUL;36;2024;81697;84173
INTERIOR SUL;36;2025;82112;84577
INTERIOR SUL;36;2026;82109;84573
